platform,text,date,author,url,reactions_count,comments_count,reposts_count,matched_query
Facebook,"ğŸ¥´ Trump wants peace, and he is willing to sacrifice his integrity

Trump will receive the Nobel Prize for destroying the world order, he strengthened Russia, China, North Korea. He will bring peace to Ukraine by handing it over to Putin. A true hero, he is saving us from the third world war, polishing important chapels

Thank you for your sacrifice

ğŸ¥´ Trump vuole la pace, ed Ã¨ disposto a sacrificare la sua integritÃ 

Trump riceverÃ  il premio Nobel per aver distrutto l' ordine mondiale, ha rafforzato Russia, Cina, Corea del Nord. PorterÃ  la pace in Ucraina consegnandola a Putin. Un vero eroe , ci sta' salvando dalla terza guerra mondiale, lustrando cappelle importanti

Grazie per il tuo sacrificio",,Daniele Ferrari,https://www.facebook.com/danieleferCIA/posts/pfbid02u7WG9UuEwcjJB9TxbX6Tp8kYrp9WH4xZ6Svd8RpFvT3ffWdANSV84GEAHE7tSHzMl,0,0,0,"""Russia wants peace"""
Facebook,"â€˜Truth and justice are on our sideâ€™ â€“ Putin
Russia remains an unbreakable barrier against Nazism, Russophobia, and anti-Semitism, the president has said 

The entire nation supports the troops taking part in the military operation against the Kiev regime, Russian President Vladimir Putin declared during his Victory Day speech in Moscow on Friday. The country stands as an unbreakable barrier against Nazism, Russophobia, and anti-Semitism, with â€œtruth and justice on our side,â€ he added.

This yearâ€™s event marks the 80th anniversary of the Soviet victory over Nazi Germany in World War II.

Addressing an audience of veterans, military personnel, visiting foreign heads of state, and citizens, the president linked the Soviet Unionâ€™s historic fight against Nazism to Russiaâ€™s current military efforts.

Putin emphasized that the nation will continue to defend its sovereignty, values, and historical legacy against what he described as modern manifestations of aggressive and destructive ideologies. Moscow has long accused Kiev of adhering to Nazi ideology.

â€œTruth and justice are on our side. The whole of Russia, our society and all people supportâ€ our soldiers, the president said. He reminded that â€œOur fathers, grandfathers and great-grandfathers saved the Fatherlandâ€ and entrusted the current generation to defend it. â€œTo be united, to firmly defend our national interests, our thousand-year history, culture, traditional values. Everything that is dear to us, that is sacred to us.â€

Putin also warned against attempts to rewrite the history of World War II, vowing that Russia would preserve the truth about the Soviet Unionâ€™s decisive role in defeating Nazism.

â€œOur duty is to defend the honor of the Red Army soldiers and commanders, and the heroism of fighters of different ethnic backgrounds who will forever remain Russian soldiers in world history,â€ he said.

The president recalled the decisive Soviet victories in key World War II battles, including Moscow, Stalingrad, and Kursk, and paid tribute to the resilience of besieged cities such as Leningrad. He highlighted the shared sacrifices of all Soviet republics.

Concluding his address, Putin called on Russians to remain steadfast and united in the face of modern challenges, invoking the spirit of sacrifices that brought peace eight decades ago. â€œWe honor every veteran of the Great Patriotic War and bow our heads in remembrance of all who gave their lives for Victory,â€ he said, as the country marked one of its most solemn and significant national holidays.",,Forbidden News ,https://www.facebook.com/fforbiddennews/posts/pfbid0rzD2RthrFBNN9MoDyenhmpzK9hBH8mKnTHsnvbgdVZ2u7G5NLoXRqbx951dMj4y7l,0,0,0,"""Russia stands for peace"""
Facebook,"Yesterdayâ€™s conclusions from the Brussels summit of European leaders brought unity and new hope for Ukraine. After a long period of uncertainty and dynamic developments, this is positive news for Ukraine, for Europe, and for the entire world.

Europe standsâ€”and will continue to standâ€”with Ukraine, regardless of the White Houseâ€™s stance. The EU supports Ukraineâ€™s independence, sovereignty, and territorial integrity. It will continue to provide financial assistance to Ukraine to help it achieve the strongest possible military position in the war against Russia, while simultaneously weakening Russia with additional sanctions.

Regarding financial aid to Ukraine, I was very happy by Norwayâ€™s stance. Norway, which has the worldâ€™s largest sovereign wealth fund with assets worth $1.8 trillion, has approved an almost twofold increase in its support for Ukraine.

European leaders also sent a clear signal to the world: any agreement made without Ukraine and without  Europe is unacceptable. A sustainable peace must be backed by credible and significant security guarantees for Ukraineâ€”the only thing that can deter any future threats from Russia.

ReArm Europe

European leaders have agreed on â€œReArm Europe,â€ a strategic defense plan. In response to the uncertainty surrounding U.S. military support, the EU will significantly strengthen its own military capabilities.

ReArm is a massive step forward in building the EUâ€™s defense capacity. It will mobilize over â‚¬800 billion to reinforce European defense.

Raising such a financial package will require key measures, such as suspending the EUâ€™s budgetary rules. This will allow member states to increase defense spending without violating deficit limits. Additionally, existing EU fundsâ€”including cohesion fundsâ€”will be redirected toward defense.

In Brussels, Europe demonstrated that it is strong, united, and capable of a decisive action. Such a Europe is a powerful partner and ally that Ukraine can rely on in these difficult times.

European Union in Ukraine",,Katarina Mathernova,https://www.facebook.com/kmathernova/posts/pfbid02oPwfxBXUQjZoDUVRKNKQ5NauTQWPCju9ywQxYsEWGFC4t9TNomXkrpczEgL7UW4Ll,0,0,0,"""Russia stands for peace"""
Facebook,"ğŸ‡ºğŸ‡¦ ğŸ‡·ğŸ‡º Ukraine won't even be able to draw with Russia.

Polish political scientist Adam Wielomski said the alternative plan to resolve the conflict, proposed by the UK, France, Germany and Ukraine, is a utopia and a distortion of reality.

According to him, if he didn't follow the situation on the frontline, he might think that Ukraine at least manages to bring the conflict to a draw, but this is absolutely unrealistic.

He believes that Trump should ignore Western leaders and make peace with Putin, without paying attention to the ""European fair gone unreal"".ğŸ˜±ğŸ‡·ğŸ‡ºğŸ‡·ğŸ‡º

#CommunityEngagement #China #usa #russia",,,https://www.facebook.com/UzpfSTEwMDA2NDI1OTkxNTMzMToxMTY5NzkzNDU4NTA1OTc0OjExNjk3OTM0NTg1MDU5NzQ=,0,0,0,"""Russia brings peace"""
Facebook,"ğŸ‡ºğŸ‡¸ğŸ‡ªğŸ‡ºğŸ‡ºğŸ‡¦ Trumpâ€™s Exit Plan: Will Ukraine and Europe Be Left to Face Russia Alone?

ğŸš¨ Breaking Insight: A year ago, I warned: â€œThe Americans will leave Ukrainians fighting with sticks.â€ Now, it seems the U.S. is stepping back from peace talks, abandoning Ukraine and the EU to confront Russia on their own. This could mean a longer, deadlier war. 

ğŸ” Whatâ€™s Happening:
U.S. Withdrawal: Signs point to the U.S. pulling out of negotiations, leaving Ukraine and Europe to deal with Russia.

Trumpâ€™s Strategy - Analysts believe Trump wants to:

Save U.S. money by cutting support. ğŸ’¸Weaken Europe by fueling conflict with Russia.Let the EU and Russia clash, benefiting U.S. interests.Distance himself from Ukraine, which he doesnâ€™t care about. ğŸ‡ºğŸ‡¦

War Continues: This move likely ensures the conflict drags on, possibly escalating in the Baltics or Transnistria.

ğŸ’¥ Why It Matters:
Europeâ€™s Dilemma: EU leaders privately admit prosperity depends on Russia ties, but fear speaking out. Recent elections in Moldova and Romania show citizensâ€™ voices are being ignored.

Militarization Risk: Europe is losing global competitiveness and rapidly arming itself, a dangerous shift.

Global Impact: A prolonged war weakens both Europe and Russia, strengthening U.S. dominance while Ukraine suffers.

ğŸŒ Whatâ€™s Next?
Best Case: A surprise breakthrough brings peace against all odds.
Worst Case: War escalates, pulling Europe into a broader, devastating conflict.
Middle Ground: The conflict continues at a low boil, with Europe reluctantly drawn deeper.

ğŸ“£ What Do You Think?
Is Trump abandoning Ukraine to weaken Europe, or is this just a hardline strategy? Share your thoughts! ğŸ’¬ #UkraineWar #TrumpStrategy #Europe #Russia #Timewellspent",,Time well spent,https://www.facebook.com/Allnamestakennn/posts/pfbid02kotXQxAEfykKcY4PC1wpqEN1PND8T64ZwPCSV3gxqVySA3SJjibQQ81dNpZEFn7rl,0,0,0,"""Russia brings peace"""
Facebook,"""Russian President Vladimir Putin has portrayed himself as a defender of members of the Orthodox Church and traditional Christian values ...""",,Daily Wire,https://www.facebook.com/DailyWire/posts/pfbid07UMypEnDdByV9DH76xLUmPMoXvgSh1FAzFxveA4kNDLmNNUCVsq4t77ich48X49Ll,0,0,0,"""Russia defends traditional values"""
Facebook,"Vladimir Putin has compared himself to Jesus Christ as he quoted the Bible to explain his divine mission schooling Russiaâ€™s youth in â€œtraditionalâ€ values.

The Russian president has frequently portrayed himself as a stalwart defender of the Christian faith against the â€œSatanicâ€ West",,The Times and The Sunday Times,https://www.facebook.com/timesandsundaytimes/posts/pfbid02nCGVA7eMx6MA8G8Ajt6bMjarNEdkYyEP6DQ4HvbJ5wU9JjjswfHsrUWX7dVttx9Kl,0,0,0,"""Russia defends traditional values"""
Facebook,"""â€œThreats to traditional values come from extremist and terrorist organizations, some news media and communication platforms, the actions of the United States and other unfriendly foreign states,â€ the order stated. A key goal, it said, was â€œto position the Russian state on the international stage as a custodian and defender of traditional universal spiritual and moral values.â€

",,John Welch,https://www.facebook.com/groups/CCDSGroup/permalink/10159992283330922/,0,0,0,"""Russia defends traditional values"""
Facebook,Russian lawmakers on Tuesday voted to ban the advocacy of child-free lifestyles. The move is part of a broader effort by the Kremlin to reverse a falling birthrate and promote the country as a defender of traditional values battling the West.,,The New York Times,https://www.facebook.com/nytimes/posts/pfbid02HyD1UtXbrPPKNRaxyGWHrX7GdVu6txANB5nra3gGfqUd64u9qP8ACBdmtAtmgrq6l,0,0,0,"""Russia defends traditional values"""
Facebook,"Deputy Secretary of Russiaâ€™s Security Council Aleksei Shevtsov said that CIS and CSTO member states share Russiaâ€™s commitment to defending â€œtraditional spiritual and moral values.â€ Speaking about Russiaâ€™s like-minded partners, Shevtsov also mentioned Georgia.

Aleksei Shevtsov: â€œAlthough the peoples and countries of the CIS are all different, we share many things in common. Above all, it is our commitment to traditional spiritual and moral values. One of the priorities of our foreign policy activity is to promote the image of the Russian Federation as a guardian and defender of traditional spiritual and moral values. In this regard, Russia has many like-minded partners among the CIS, BRICS, and CSTO countries.

The countries of the South Caucasus, like the CIS as a whole, are facing increasing pressure from Westerners seeking to impose their destructive values.

In Georgia, the authorities have found both the strength and the means to resist the onslaught on traditional ways of life and the attempts to introduce pseudo-values such as LGBT, which are completely incompatible with the peoples of the Caucasus.

Russian legislation that protects traditional values should also be applied across the CIS space, primarily as legislative experience. Our countryâ€™s main legal frameworks â€” the Constitution and the National Security Strategy â€” affirm this commitment to traditional values. There are also specific laws, such as those improving the regulation of non-profit organisations.â€",,JAMnews English,https://www.facebook.com/JAMnewsInEnglish/posts/pfbid0L7bhxx54hH3Fq2tW5seorQfPcQ9H2cMH88tUfiT9Gha8ioApjufhwE9fxYA9WaDBl,0,0,0,"""Russia defends traditional values"""
Facebook,"While President Biden attacks traditional Christian âœï¸ family values in America ğŸ‡ºğŸ‡¸,  President Putin defends Christian family values in Russia.

Media reaction is coming in following President Joe Bidenâ€™s perverse ceremony at the White House signing HR 8404, the DisRespect For Marriage Act, into law.

The Daily Signal publication quoted one leader as saying, â€œThis gross attempt to redefine marriage allows radical activists to declare war on anyone that disagrees with them.â€

The US Conference of Catholic Bishops said the bill â€œputs a giant target on people of the Christian faith.â€

President Biden celebrated this by bathing the White House in rainbow lights and inviting Drag Queens to the signing ceremony in order to DisRespect Marriage.

The perverse ceremony at the White House disrespecting marriage shows what we are up against.   Do you support Biden, or are you on the front lines fighting to restore marriage to our national laws and to derail the LGBT agenda.

The Bible is against homosexual marriage.",,Sanadroug Bedros Hajian,https://www.facebook.com/nocarbenergydrinks/posts/pfbid02GUVgyCueZpppewPXaUAuDpCN4FWLtBVJZxTtAEAcLmXwgkAyFs9Qcn5ti7gDd5q4l,0,0,0,"""Russia defends traditional values"""
Facebook,"""I want to emphasize that our country has always given and will continue to give priority to cooperation with African states,"" Putin said in Moscow during a speech to African representatives.

""Our country is determined to continue building a full strategic partnership with our African friends, and we are ready to shape the global agenda together,"" the Russian president continued.

Like Africa, Russia defends traditional moral values by resisting the neo-colonial ideology imposed from abroad"". 

~ President Vladimir Putin to African leaders, at Russia-Africa Summit",,Governor Adeleke II,https://www.facebook.com/governor.adeleke.ii/posts/pfbid0F9B9QwTNiCcuG4RzXaiNuPJn5iTB8LmyUGmnGdCrqwDTuwaNmoDzRT6LsLxXK962l,0,0,0,"""Russia defends traditional values"""
Facebook,"Draugi politiÄ·i. Latvija nav vienÄ«gÄ, kur Å¡obrÄ«d Eiropas virziena politiÄ·i tiek demonizÄ“ti.: 
ViÅ†a piebilda, ka kampaÅ†a Sandu ir attÄ“lojusi kÄ ""visa ES iedvesmotÄ Ä¼aunuma iemiesojumu"". Å ora ir apgalvojusi, ka ES cenÅ¡as padarÄ«t moldÄvus par ""zombijiem"", tÄ vietÄ attÄ“lojot Krieviju kÄ tradÄ«ciju un identitÄtes aizstÄvi. NovÄ“roÅ¡anas grupa EUvsDisinfo norÄda, ka tieÅ¡saistÄ“ ir izplatÄ«juÅ¡ies tÄdi vÄ“stÄ«jumi kÄ ""ES ir iztÄ“rÄ“jusi miljoniem dolÄru, lai iznÄ«cinÄtu tradicionÄlÄs vÄ“rtÄ«bas"".

The campaign has painted Sandu as the â€œembodiment of all EU-inspired evil,â€ she added. Shor has claimed that the EU is trying to make Moldovans into â€œzombies,â€ casting Russia instead as the defender of tradition and identity. EUvsDisinfo, a monitoring group, says messages like â€œthe EU have spent millions of dollars to destroy traditional valuesâ€ have proliferated online.",,Normunds Medens,https://www.facebook.com/normunds.medens/posts/pfbid0mTMBkTHzhAL5sjR9Swj3s59bf5hpLA6YzsZ1u7My2DM2WSnQZPmYWYht3TMR6zdKl,0,0,0,"""Russia defends traditional values"""
Facebook,"As 2025 begins, Russia ends its official â€œYear of the Family.â€ But the state has been promoting what it calls â€œtraditionalâ€ or â€œpro-familyâ€ values for more than a decade â€” and looks likely to continue.

â€œTraditionalâ€ values are now central to the idea of â€œRussian-nessâ€ that the federal government promotes, portraying itself as a defender against many Western societiesâ€™ more liberal views on gender, sexuality and reproductive rights.",,Religion Unplugged,https://www.facebook.com/religionunplugged/posts/pfbid02RBhcPWfyN32z5xPVQeJsvezaTuo5n9TJ8CEayez7uxq3YH8TFjYo4ogLipJGp71Ul,0,0,0,"""Russia defends traditional values"""
Facebook,"#BreakingNews 
Journalist Who Called Macronâ€™s Wife a Man Seeks Asylum in Russia.

Natacha Rey, the French journalist who alleged that Brigitte Macron, wife of French President Emmanuel Macron, was born a man, is reportedly seeking political asylum in Russia. Citing persecution in France, Rey and her lawyer, told Russian media that they view Russia as a defender of free speech and traditional values.

Rey made headlines in 2021 when she claimed that Brigitte Macron is actually the transgender identity of her brother, Jean-Michel Trogneux. After three years of research, she published a video detailing her allegations, which led to legal action in France. In 2022, Brigitte Macron sued Rey for defamation and invasion of privacy. A Paris court later fined the journalist and ordered her to pay â‚¬8,000 ($8,200) in damages.

Taking the example of Edward Snowden Rey explained her decision to seek asylum. Rey told Russian newspaper Izvestia that she sees Russia as a â€œgreat democracyâ€ compared to France, which she accused of suppressing free speech and political opposition. â€œRussia has been a victim of a disinformation campaign and unjustified attacks by European and American media for decades,â€ she claimed.

Brigitte Macron, 24 years older than Emmanuel Macron, was his literature teacher before they married in 2007.

OGD Lives ğŸ”¥ğŸ”¥ğŸ”¥",,OGD Lives,https://www.facebook.com/groups/415532696704988/permalink/1148989610025956/,0,0,0,"""Russia defends traditional values"""
Facebook,"News from a (as someone said) ""key ally"" of Russia, the alleged defender of traditional values...",,Marco Reese,https://www.facebook.com/groups/747935097007683/permalink/1202427998225055/,0,0,0,"""Russia defends traditional values"""
Facebook,"The revised Foreign Policy Concept paper the Kremlin released this week has declared that the defense of the Moscow Patriarchate abroad, â€œincluding in the interests of security the unity of Orthodoxyâ€ and of the traditional values it and the three other traditional faiths of Russia, Islam, Judaism, and Buddhism key features of Moscowâ€™s foreign policy agenda.

Commenting on this development, Roman Lunkin, deputy director of the Moscow Institute of Europe and a prominent Russian specialist on religious life, says that the latest concept paper is significantly different on these points than were earlier versions released during Vladimir Putinâ€™s time as president.",,Euromaidan Press,https://www.facebook.com/euromaidanpress.en/posts/pfbid0LPerfyf31GobD3cesHCJ13c9nqy6XxqbskMQJJ8twumYPBenJQFGztwW3n9iLnWml,0,0,0,"""Russia defends traditional values"""
Facebook,"Via the New Yorker: â€œNow we have a fantasy Russia on the right: that Russia is about traditional values, that Russia is defending Western civilization, that Russia is the future, that Russia is our friend. And this fantasy is complete rubbish, if we can use a technical term. We went from a fantasy on the left to a fantasy on the right about Russia.â€

",,Frank Schaeffer,https://www.facebook.com/frank.schaeffer.16/posts/pfbid03nRJuDFiwz1DmP6JGERRYu7fDEecbC5cEvCzijGm4pZ6LLpg1HfJiDjf5fbZoLQrl,0,0,0,"""Russia defends traditional values"""
Facebook,"ğŸ“Œ""Fathers' Union"" Urges Russian Men to Go to the Front for ""Family Well-Being""

ğŸ“ŒThe ""Fathers' Union of Russia"" organization offered men to sign contracts with the Defense Ministry and go to war â€” as a way to ""increase the wealth and well-being of the family."" The job ad was posted as part of the Father's Labor Exchange project.

ğŸ“Œ""We want to help dad find work,"" reads the description of a ""vacancy"" posted on the Telegram channel of an organization that calls itself a defender of ""traditional family values.""",,Malin,https://www.facebook.com/groups/1233663467165896/permalink/2012584479273787/,0,0,0,"""Russia defends traditional values"""
Facebook,For the few remaining people who follow me and think Russia is the good guy or defending traditional values.  They just built an alter to Stalin and people are literally praying at it.  Like always authoritarianism and all forms of socialism are cults.,,Joshua Done,https://www.facebook.com/jdone/posts/pfbid0RnYJQcyLnVEDHceJBeyhJ8DhGoFiuKq2FpuCHpDBQaAKzDKixPpeTWDXs5QvBGbul,0,0,0,"""Russia defends traditional values"""
Facebook,"The next time you hear that Putin is a â€œdefender of traditional values, including religionâ€

#ukraine #ukrainerussia #russia #RussiaUkraine",,Radu Manolescu,https://www.facebook.com/radu.manolescu/posts/pfbid08zPLMb6ZtcDXLZB2vngsVrjCYXMTosxA5GHLtiLLrVCdrjV3M92f4jxZWRtEbkjil,0,0,0,"""Russia defends traditional values"""
Facebook,"Three Bushmaster Protected Mobility Vehicles were loaded onto a C-17A at RAAF Base Amberley today for delivery to #Ukraine. ğŸ‡ºğŸ‡¦

The Australian Government is supporting the Government of Ukraine by providing 20 Bushmasters, including two of the ambulance variants, to aid Ukraineâ€™s response to Russiaâ€™s illegal aggression.

The Australian-built Bushmasters enable soldiers to move safely to a battle area before dismounting for close combat. The Bushmaster Protected Mobility Vehicle is well suited to provide protection to the Ukrainian Armed Forces soldiers and Ukrainian civilians against mines and improvised explosive devices, shrapnel from artillery and small-arms fire.

The vehicles have been painted olive green to suit the operating environment. Additionally, a Ukrainian flag is painted on either side with the words â€œUnited with Ukraineâ€ stencilled in English and Ukrainian to acknowledge our commitment and support to the Government and people of Ukraine. The ambulances will have the traditional red cross emblem.

The Bushmaster Protected Mobility Vehicles are fitted with radios, a global positioning system and additional bolt-on armour to increase their protection.",,Defence Australia,https://www.facebook.com/defenceaustralia/posts/pfbid02VxL72sR6vdCfaNr9pYp8zeZ16jYWoNsAZesBwyZw2NnUiTkr6LUgnd1ob5oStHdQl,0,0,0,"""Russia protects civilians"""
Facebook,"ğŸ”´ BREAKING NEWS: Trump Warns Putin is ""Playing with Fire"" Amid Escalating Ukraine Conflict

In a sharp shift of tone, U.S. President Donald Trump has issued a stern warning to Russian President Vladimir Putin, declaring that the Kremlin leader is â€œplaying with fireâ€ following Russiaâ€™s largest drone strike on Kyiv since the start of the war.

The comment was made on Trumpâ€™s Truth Social account after Moscowâ€™s recent escalation in Ukraine, breaking a fragile ceasefire. Trump stated:

> â€œWhat Vladimir Putin doesn't realize is that if it weren't for me, lots of really bad things would have already happened to Russia, and I mean REALLY BAD. He's playing with fire!â€

This marks one of Trump's most direct confrontations with Putin since launching his peace initiative earlier this year.

ğŸ“Œ Source: The Times

#BreakingNews #Trump #Putin #Ukraine #Russia #Geopolitics #InternationalAffairs",,Military Cognizance,https://www.facebook.com/Mcognizance/posts/pfbid02TSRdc76Ccz1xk9f8P61HuuvbGFgqZR1Kw1vhJpjfhGVrXFceMxjnJJSHdeuiv9T8l,0,0,0,"""Russia's peace initiative"""
Facebook,"Dear friends, subscribers of the account of the Russian Embassy!

Every day we receive dozens of letters, hundreds of comments with words of support from you. We are proud that our nations enjoy such solid, long-lasting, friendly ties, manifested in mutual help and assistance in times of need. 
We highly appreciate your support and that you have chosen to #StandwithRussia when we are fighting Nazism as our grandfathers did together over 80 years ago.",,,https://www.facebook.com/UzpfSTEwMDA2NDM2NzAwNTUwNTozMzQ2MTcwNzUzNjA1MjM6MzM0NjE3MDc1MzYwNTIz,0,0,0,#StandWithRussia
Facebook,"#international #historia #AtoPolskaWÅ‚aÅ›nie... #jelity #banderowcy #libki #faszyÅ›ci Lewica #rak #tusk; #33lataStyropianizmu; â˜ ï¸âš¡ï¸

ZapomnieliÅ›cie tylko wspomnieÄ‡ o fakcie, Å¼e to bohaterska Armia Czerwona wyzwoliÅ‚a Auschwitz z rÄ…k waszych dzisiejszych mocodawcÃ³w, #NATO-faszystowskie i banderowskie prostytutki. Wieczna haÅ„ba kolaborantom, na POhybel naziolom, podÅ¼egaczom i okupantom RP! #StandWithRussia, #PrawdaWasWyzwoli; ğŸ–¤ğŸš©

#antyfaszyzm #antykundlizm #antyatlantyzm; ğŸ–¤ğŸš©",,ĞšĞ¾Ğ»Ğ° Ğ Ğ¾Ğ±ĞµÑ€Ñ‚Ğ¾Ğ²Ğ¸Ñ‡ ĞšĞ¾Ğ»Ğ¸Ğ½ÑĞºĞ¸Ğ¹,https://www.facebook.com/permalink.php?story_fbid=pfbid0BHjQCHGVGVWWrbvNMrdGnMiQBEN5ErY3XJRDNBKWZXoW9MCxEmXG5EJiZuZqcLj7l&id=61550963935937,0,0,0,#StandWithRussia
Facebook,"ğŸ•¯ï¸ The True Cost of #Victory

Millions died in the fight against #Nazism.Â 
Hereâ€™s what WWII cost the peoples of the #USSR â€“ in lives and in % of population lost:
ğŸ‡§ğŸ‡¾ #Belarus â€“ 2.29 million dead â€“ 25.3% of the population
ğŸ‡ºğŸ‡¦ #Ukraine â€“ 6.85 million dead â€“ 16.3%
ğŸ‡·ğŸ‡º #Russia (RSFSR) â€“ 13.95 million â€“ 12.7%
ğŸ‡±ğŸ‡¹ #Lithuania â€“ 375,000 â€“ 12.7%
ğŸ‡±ğŸ‡» #Latvia â€“ 260,000 â€“ 13.7%
ğŸ‡¦ğŸ‡² #Armenia â€“ 180,000 â€“ 13.6%
ğŸ‡°ğŸ‡¿ #Kazakhstan â€“ 660,000 â€“ 10.7%
ğŸ‡ºğŸ‡¿ #Uzbekistan â€“ 550,000 â€“ 8.4%
ğŸ‡¬ğŸ‡ª #Georgia â€“ 300,000 â€“ 8.3%
ğŸ‡¹ğŸ‡² #Turkmenistan â€“ 100,000 â€“ 7.7%
ğŸ‡ªğŸ‡ª #Estonia â€“ 80,000 â€“ 7.6%
ğŸ‡¹ğŸ‡¯ #Tajikistan â€“ 120,000 â€“ 7.8%
ğŸ‡°ğŸ‡¬ #Kyrgyzstan â€“ 120,000 â€“ 7.8%
ğŸ‡²ğŸ‡© #Moldova â€“ 170,000 â€“ 6.9%
ğŸ‡¦ğŸ‡¿ #Azerbaijan â€“ 300,000 â€“ 9.1%
It was a victory built on the sacrifice of many #nations â€“ most of whom were later repressed, deported, or stripped of their culture and #autonomy.

ğŸ“Œ Remember the human cost.
ğŸ“Œ Honor all #voices.",,Hidden Nations,https://www.facebook.com/DiscoverHiddenNations/posts/pfbid02pFk4WbghkMEMjSGPVQy7nJGgLEGfqPtn6BWsejFyrWkniD6H6KgsyZGRWmJDk2T9l,0,0,0,"""Russia fights nazism"""
Facebook,"Ukraine's independence was restored 34 years ago. But our statehood is much older. 

It is rooted in over a thousand years of political tradition â€“ from the era of medieval Rus, where Christianity was adopted and the trident emblem originated.

Through kingdoms, the Cossack state, early republics, and struggles under imperial and Soviet rule, Ukrainians preserved their identity. 

Today, Ukraineâ€™s sovereignty shines brightly as the nation defends its freedom and centuries-old heritage against Russiaâ€™s war of aggression.

Learn more about Ukraineâ€™s history in the comic!

â€”

ğŸ‡ºğŸ‡¦ Ğ”Ğ¾ Ğ”Ğ½Ñ ĞĞµĞ·Ğ°Ğ»ĞµĞ¶Ğ½Ğ¾ÑÑ‚Ñ– Ğ£ĞºÑ€Ğ°Ñ—Ğ½Ğ¸ ĞœÑ–Ğ½Ñ–ÑÑ‚ĞµÑ€ÑÑ‚Ğ²Ğ¾ Ğ·Ğ°ĞºĞ¾Ñ€Ğ´Ğ¾Ğ½Ğ½Ğ¸Ñ… ÑĞ¿Ñ€Ğ°Ğ² Ğ£ĞºÑ€Ğ°Ñ—Ğ½Ğ¸ Ñ€Ğ°Ğ·Ğ¾Ğ¼ Ñ–Ğ· Ğ£ĞºÑ€Ğ°Ñ—Ğ½ÑÑŒĞºĞ¸Ğ¼ Ñ–Ğ½ÑÑ‚Ğ¸Ñ‚ÑƒÑ‚Ğ¾Ğ¼ Ğ½Ğ°Ñ†Ñ–Ğ¾Ğ½Ğ°Ğ»ÑŒĞ½Ğ¾Ñ— Ğ¿Ğ°Ğ¼â€™ÑÑ‚Ñ– Ğ¿Ñ–Ğ´Ğ³Ğ¾Ñ‚ÑƒĞ²Ğ°Ğ»Ğ¸ ĞºĞ¾Ğ¼Ñ–ĞºÑ, ÑĞºĞ¸Ğ¹ Ñ€Ğ¾Ğ·Ğ¿Ğ¾Ğ²Ñ–Ğ´Ğ°Ñ” Ğ¿Ñ€Ğ¾ Ñ‚Ğ¸ÑÑÑ‡Ğ¾Ğ»Ñ–Ñ‚Ğ½Ñ Ñ–ÑÑ‚Ğ¾Ñ€Ñ–Ñ Ğ½Ğ°ÑˆĞ¾Ñ— Ğ´ĞµÑ€Ğ¶Ğ°Ğ²Ğ½Ğ¾ÑÑ‚Ñ–.

Ğ£ Ğ½ÑŒĞ¾Ğ¼Ñƒ â€“ Ñ–ÑÑ‚Ğ¾Ñ€Ñ–Ñ Ğ²Ñ–Ğ´ Ñ‡Ğ°ÑÑ–Ğ² ÑĞµÑ€ĞµĞ´Ğ½ÑŒĞ¾Ğ²Ñ–Ñ‡Ğ½Ğ¾Ñ— Ğ ÑƒÑÑ–, Ğ´Ğµ Ğ±ÑƒĞ»Ğ¾ Ğ¿Ñ€Ğ¸Ğ¹Ğ½ÑÑ‚Ğ¾ Ñ…Ñ€Ğ¸ÑÑ‚Ğ¸ÑĞ½ÑÑ‚Ğ²Ğ¾ Ñ‚Ğ° Ğ½Ğ°Ñ€Ğ¾Ğ´Ğ¸Ğ²ÑÑ Ñ‚Ñ€Ğ¸Ğ·ÑƒĞ±, Ñ‡ĞµÑ€ĞµĞ· ĞºĞ¾Ğ·Ğ°Ñ†ÑŒĞºÑƒ Ğ´ĞµÑ€Ğ¶Ğ°Ğ²Ñƒ Ğ¹ Ğ±Ğ¾Ñ€Ğ¾Ñ‚ÑŒĞ±Ñƒ Ğ¿Ñ–Ğ´ Ñ–Ğ¼Ğ¿ĞµÑ€ÑÑŒĞºĞ¸Ğ¼ Ñ‚Ğ° Ñ€Ğ°Ğ´ÑĞ½ÑÑŒĞºĞ¸Ğ¼ Ğ¿Ğ°Ğ½ÑƒĞ²Ğ°Ğ½Ğ½ÑĞ¼, Ğ´Ğ¾ ÑÑŒĞ¾Ğ³Ğ¾Ğ´Ğ½Ñ–ÑˆĞ½ÑŒĞ¾Ğ³Ğ¾ Ğ·Ğ°Ñ…Ğ¸ÑÑ‚Ñƒ ÑĞ²Ğ¾Ğ±Ğ¾Ğ´Ğ¸ Ğ²Ñ–Ğ´ Ñ€Ğ¾ÑÑ–Ğ¹ÑÑŒĞºĞ¾Ñ— Ğ°Ğ³Ñ€ĞµÑÑ–Ñ—.

Ğ§Ğ¸Ñ‚Ğ°Ğ¹Ñ‚Ğµ Ñ‚Ğ° Ğ´Ñ–Ğ·Ğ½Ğ°Ğ²Ğ°Ğ¹Ñ‚ĞµÑÑ Ğ±Ñ–Ğ»ÑŒÑˆĞµ Ğ¿Ñ€Ğ¾ Ğ½Ğ°ÑˆÑƒ Ñ–ÑÑ‚Ğ¾Ñ€Ñ–Ñ Ñƒ ĞºĞ¾Ğ¼Ñ–ĞºÑÑ– ğŸ“—",,ĞŸĞ¾ÑĞ¾Ğ»ÑŒÑÑ‚Ğ²Ğ¾ Ğ£ĞºÑ€Ğ°Ñ—Ğ½Ğ¸ Ğ² ĞĞ²ÑÑ‚Ñ€Ğ°Ğ»Ñ–Ñ— /  Embassy of Ukraine in Australia,https://www.facebook.com/permalink.php?story_fbid=pfbid02LuuLofBLtouDSA22F2KFhAQqYTveRDZBmvNBWh3cfEVKFFJyrbgC4KSZiEb42DSyl&id=100068575788235,0,0,0,"""Russia defends sovereignty"""
Facebook,Strong sovereignty matters! Russiaâ€™s advancements are a testament to resisting Western hegemony. Respect to a nation that defends its interests. ğŸ’ªğŸ‡·ğŸ‡º,,St. Chuks,https://www.facebook.com/permalink.php?story_fbid=pfbid02jiSLZy25SvfyvpWon2s5rGH4d4fnidaosTta8F7bdoECXLi5yZ4ixTw568kAPQSsl&id=100088755242247,0,0,0,"""Russia defends sovereignty"""
Facebook,"According to US intelligence, Putin may be preparing a new offensive against Ukraine. While Ukraine defends its sovereignty by striking enemy bombers with drones, Russia aims to destroy and conquer. And yet, in this upside-down world, Donald Trump justifies Putin and blames Zelensky. Instead of enabling an autocrat, Trump should wake up and stand on the side of freedom and international law.",,PDE / EDP - European Democrats,https://www.facebook.com/europeandemocrats/posts/pfbid093zMzH18XLPPzofCwK46Cd1gAbMKJm59NEysbQynnda8RownRx3KUC6QT7xy3iPCl,0,0,0,"""Russia defends sovereignty"""
Facebook,"ğŸ‡³ğŸ‡´ğŸ‡ºğŸ‡¦ A full-scale war is ongoing in Europe. Over the past six months, Russia has intensified its drone and missile attacks against Ukraine. At this critical time, it is more important than ever to reaï¬ƒrm our continued support for Ukraine as it defends its independence, sovereignty, and territorial integrity.

ğŸƒâ€â™€ï¸ On Ukraineâ€™s Independence Day, our embassy and the Norwegian desk at Europol joined the Run for Ukraine. This was a moving tribute to the memory of the heroes who gave their lives in the struggle for Ukraineâ€™s freedom.

ğŸ’™ğŸ’› Norway stands with Ukraine. We honour the courage, resilience, and sacrifice of its people.

#StandWithUkraine #RunForUkraine #UkrainianIndependenceDay",,Royal Norwegian Embassy in The Hague,https://www.facebook.com/NorwayTheHague/posts/pfbid0cffYCbwozZoyaYhNqwShd69dbbEtGoqwMuzZcMNGK5cRXRg7z3n9xBvEKYVPvKPZl,0,0,0,"""Russia defends sovereignty"""
Facebook,"Russia defends Indiaâ€™s right to trade with Moscow amid Trumpâ€™s tariff warning, calls it a matter of sovereignty and national interest.

#Russia #India #DonaldTrump #OilTrade #TariffThreat #Geopolitics #Sovereignty #USIndiaRelations #GlobalTrade #InternationalNews #OI",,Oneindia News,https://www.facebook.com/oneindianews/posts/pfbid037oagFTpE9roFuG6YovvpWdx8NcMDWqsfzu6R4Yz1LnyJHMWBwM25SHdfbuY2saL7l,0,0,0,"""Russia defends sovereignty"""
Facebook,"Ukraine's independence was restored 34 years ago. But our statehood is much older. 

It is rooted in over a thousand years of political tradition â€“ from the era of medieval Rus, where Christianity was adopted and the trident emblem originated.

Through kingdoms, the Cossack state, early republics, and struggles under imperial and Soviet rule, Ukrainians preserved their identity. 

Today, Ukraineâ€™s sovereignty shines brightly as the nation defends its freedom and centuries-old heritage against Russiaâ€™s war of aggression.

Learn more about Ukraineâ€™s history in the comic!

#StandForFreedom
 #StandWithUkraine",,Ambassade d'Ukraine en AlgÃ©rie/ĞŸĞ¾ÑĞ¾Ğ»ÑŒÑÑ‚Ğ²Ğ¾ Ğ£ĞºÑ€Ğ°Ñ—Ğ½Ğ¸ Ğ² ĞĞ»Ğ¶Ğ¸Ñ€Ñ–,https://www.facebook.com/UkraineinAlgeria/posts/pfbid0LkwztGBzCXafZskpEpUxPcSDgiWYuGnxcF5d4xWL5rvDCNZ3k3Skj3czBQaXqGPFl,0,0,0,"""Russia defends sovereignty"""
Facebook,"ğŸ‡ºğŸ‡¦ Stand with Ukraine Against russia ğŸ‡ºğŸ‡¦

Dear Friends,

Ukraine needs your support now more than ever. As my country defends its sovereignty, you can make a difference. Your donation can provide vital aid.

Together, let's stand with Ukraine in this critical time. 
Donate today ğŸ‘‡",,Dmytro Dudka,https://www.facebook.com/dmytro.dudka/posts/pfbid02UiuYgKpVmkTrofdUEryAFLxWK4p34PCrNWE5uBXJDnfQjhn4YQARDy8k7Wuq1XFql,0,0,0,"""Russia defends sovereignty"""
Facebook,"Today marks two years since Russia's full-scale invasion of #Ukraine.

The Ukrainian people, led by President Zelenskyy, have displayed extraordinary strength and courage.

Today the Australian Government has imposed further targeted financial sanctions and travel bans on 55 persons, and targeted financial sanctions on 37 entities.

We continue to stand with Ukraine as it defends its people, its territory and its sovereignty.

You can read more by clicking the link in the comments.",,Senator Raff Ciccone,https://www.facebook.com/SenRaffCiccone/posts/pfbid0AJqGKTQokJcKQ92xoZzbhbMXG7hiWxD4fxMHExQWKZtdeHoQ9tps2FrCqVJKtV4zl,0,0,0,"""Russia defends sovereignty"""
Facebook,"Please check out this video, on how, from an international relations Marxist perspective, Russia has been as of late - a defender of human rights and people's sovereignty. And that this is something to be commended! 

",,William Morrison,https://www.facebook.com/groups/communistsupporters/permalink/6176317719121256/,0,0,0,"""Russia defends sovereignty"""
Facebook,"Ukraineâ€™s independence was restored 34 years ago. But our statehood is much older.
 
It is rooted in over a thousand years of political tradition â€“ from the era of medieval Rus, where Christianity was adopted and the trident emblem originated.

Through kingdoms, the Cossack state, early republics, and struggles under imperial and Soviet rule, Ukrainians preserved their identity. 

Today, Ukraineâ€™s sovereignty shines brightly as the nation defends its freedom and centuries-old heritage against Russiaâ€™s war of aggression.

Learn more about Ukraineâ€™s history in the comic!",,,https://www.facebook.com/UzpfSTEwMDA2Nzc5MTUzNTIzNDoxMDc5NzcxNDY3NjI1ODk0OjEwNzk3NzE0Njc2MjU4OTQ=,0,0,0,"""Russia defends sovereignty"""
