platform,text,date,author,url,reactions_count,comments_count,reposts_count
X,"A hero's welcome ‚Äî massive crowds cheer Afghan team, Asian Games futsal champions https://t.co/eTNDyVyFgS",Mon Nov 03 04:53:47 +0000 2025,,,40,3,13
X,"Delivery driver in China becomes an instant hero

The man scaled four stories without safety gear to rescue a child who was stuck and dangling from a balcony

After saving the boy, he simply went back to work https://t.co/fkr4BjfVgf",Wed Oct 29 14:08:21 +0000 2025,,,636,9,91
X,"'First female Louvre security chief' accused of being DEI hire immediately after museum jewel heist

Dominique Buffin's life arc takes her from hero to villain in an instant https://t.co/GIKrFEOgjp",Tue Oct 21 14:32:46 +0000 2025,,,72,7,16
X,"A Tashkent student became a real-life hero

Mukhriddin Ilashov spotted a child dangling from a fourth-floor balcony ‚Äî and saved him from falling

Uzbekistan‚Äôs education minister personally awarded him for courage https://t.co/kfDFaEa8oq",Mon Oct 20 14:07:15 +0000 2025,,,60,5,10
X,"'Only a saint could endure what Zelensky did in Washington, facing Trump'

Bernard-Henri Levy who once advised Nicolas Sarkozy to invade Libya ‚Äî now calls Zelensky a 'saint'

'Zelensky is a hero, but he's also a saint' https://t.co/1867GTGPcK",Sat Oct 18 13:23:44 +0000 2025,,,57,37,17
X,"Body of Israeli hostage laid to rest, days after exchange

Captain Daniel Peretz hailed by Israeli media as 'IDF hero'

He 'ran to his tank and fought valiantly' on Oct. 7 before being captured

IDF announced his death March last year https://t.co/7FjYmxi9cM",Wed Oct 15 17:41:07 +0000 2025,,,37,1,11
X,IDF says forensic tests show the fourth body handed over by Hamas does NOT match any known hostage https://t.co/FhuzApXWDH,Wed Oct 15 09:01:54 +0000 2025,,,73,19,18
X,A smile better suits a hero? https://t.co/6fNHtJnGgW,Tue Oct 14 13:28:10 +0000 2025,,,52,10,11
X,"Trump says his Time Magazine cover may be the 'Worst Picture of All Time'

'They ‚Äòdisappeared‚Äô my hair, and then had something floating on top of my head that looked like a floating crown, but an extremely small one. Really weird!' ‚Äî Trump posted on Truth Social

Do you agree? https://t.co/WO2oyW0vAk",Tue Oct 14 13:06:21 +0000 2025,,,64,31,15
X,"RAT nearly halted the Wales vs Belgium World Cup qualifier in Cardiff ‚Äî chunky intruder stormed the pitch and dodged players for minutes

Unfortunately, local hero rat couldn‚Äôt save the home side https://t.co/UGhNi0r1aw",Tue Oct 14 04:56:06 +0000 2025,,,45,3,10
X,"Elon Musk: It‚Äôs rare ‚Äî even shocking ‚Äî to see a straight white man as the hero

Movie lovers, thoughts? https://t.co/ucdarKk4hk",Fri Oct 03 09:34:17 +0000 2025,,,58,8,11
X,"24yo Canadian merc KILLED in Kharkov

Patrick Mazerolle joined International volunteer battalion without telling his family ‚Äî who are now HEARTBROKEN

Zelensky's media hails him as 'hero' for 'defending Ukraine' https://t.co/6fiJydU4bH",Sun Sep 21 12:12:35 +0000 2025,,,106,10,28
X,"Watch the full story of the hero of our time:

https://t.co/6h2Xp88mnM",Wed Sep 17 09:28:12 +0000 2025,,,39,2,13
X,"Libya will launch the 'Omar Al-Mukhtar' ship to join Flotilla fleet breaking Gaza siege 

Named for the Libyan hero who died fighting Italian colonization 

Ships from Algeria, Tunisia and other Maghreb nations are also joining https://t.co/O9Ld7y0kzb",Sun Sep 07 14:07:13 +0000 2025,,,113,8,40
X,"Greta takes aim at Israel for THREATENING to arrest her and trying to STOP flotilla

'We will never forgive and never forget who is standing on the WRONG side of history' https://t.co/UuMjOjQZ55",Fri Sep 05 14:19:23 +0000 2025,,,278,29,83
X,"Russian soldier rescues comrade in dramatic PIGGYBACK evacuation 

'Your husband is a HERO' https://t.co/DjaD9KS0BL",Sun Sep 07 08:06:13 +0000 2025,,,456,6,69
X,"‚ÄòTrade is growing‚Äô

Xi touts the tri-lateral cooperation between Russia, China and Mongolia 

‚ÄòIn China we have a saying, to prop up the fence you need 3 pillars and a hero needs 3 assistants‚Äô https://t.co/Mlzp52GK0D",Tue Sep 02 03:20:46 +0000 2025,,,110,6,23
X,Hero callsigned Arrow demines intersections from Zelensky's terror drones https://t.co/nVPcvJdIe5,Sun Aug 24 05:46:05 +0000 2025,,,100,6,16
X,"Rick Sanchez asks Sean Stone if he ‚Äògrew up saying, my dad is my here‚Äô filmmaker Oliver Stone ‚Äòis the guy out there bucking the system‚Äô

Sean jokes with ‚ÄòNo my dad wasn‚Äôt my hero, I knew him too well‚Äô but turns serious ‚ÄòI had to follow my own path, and I always knew that‚Äô https://t.co/TgZlHnX8Xy",Thu Aug 21 15:44:59 +0000 2025,,,24,1,6
X,"üîäNetanyahu is a ‚ÄòWAR HERO‚Ä¶I guess I am too‚Äô ‚Äì Trump

Do you agree with the US president? https://t.co/QQptRTeLh4",Tue Aug 19 22:37:46 +0000 2025,,,117,130,28
X,"Global finance and the intelligence agencies FEAR Alex Jones

But he says the system‚Äôs attempts to destroy him have made him an American ‚ÄòFOLK HERO‚Äô https://t.co/moZuhnncrn",Tue Aug 19 16:08:50 +0000 2025,,,42,3,5
X,"Alex Jones explains the NATO-American and European banks triad

WATCH: How this 'brainchild of Adolf Hitler' started forming after World War II and how it evolved into a globalist network that tries to control the world https://t.co/buIyIUymug",Tue Aug 19 15:47:23 +0000 2025,,,62,8,16
X,"Insane footage of Zelensky's terror drones zapped like bugs 

'Hard when shells exploding under ear but no one wavered' ‚Äî hero commander codenamed Musician https://t.co/Zk7CKYO2X0",Sat Aug 09 04:36:11 +0000 2025,,,169,11,27
X,‚ÄòYevgenia we are with YOU‚Äô ‚Äì Gutsul‚Äôs supporters outside the Moldovan courthouse chant ‚ÄòYevgenia is our HERO‚Äô to make their voices heard LOUD and CLEAR https://t.co/yblGqY1ysk,Tue Aug 05 11:01:28 +0000 2025,,,48,4,16
X,"‚ö°Ô∏èMoldovan court sentences head of Gagauzia region, Yevgenia Gutsul, to 7 YEARS in prison https://t.co/BYoAszJ2Rf",Tue Aug 05 09:30:23 +0000 2025,,,261,38,67
X,"Brazilian heroine saves dog with cardboard box

The quick-thinking neighbor in Guarulhos caught the pooch in the nick of time in a daring window save. https://t.co/ZGc05j4HQE",Mon Feb 24 03:12:23 +0000 2025,,,290,13,38
X,"Russia just changed CENTURY of war rules 'grudgingly' admits US soldier

Surround warzone with DRONE FIRE RING for COMPLETE CONTROL https://t.co/8hLG4EgSCh",Sat Nov 08 00:08:41 +0000 2025,,,508,8,80
X,"IDF says they've uncovered a Hamas 'weapons cache' in the Shuja'iyya district of Gaza

Yesterday the body of an IDF soldier was unearthed by Hamas in the district ‚Äî its return is 'currently underway' https://t.co/RIA1v9UQJn",Wed Nov 05 18:24:33 +0000 2025,,,19,2,9
X,"CIS Security Council Secretaries pay their respects at Tomb of the Unknown Soldier in Moscow

Somber moment marked by a flower-laying ceremony https://t.co/qoSnKhCSjn",Wed Nov 05 10:31:36 +0000 2025,,,87,1,14
X,"American veteran broke down in tears at Moscow's Tomb of the Unknown Soldier

After laying flowers at the Eternal Flame, she stood in silence ‚Äî and then crossed herself https://t.co/s9d0Ywnzdn",Tue Nov 04 08:25:06 +0000 2025,,,117,3,27
X,"Snack? Leftovers? No, 'full lunch' according to Zelensky

An egg, two potatoes, and a piece of bread with a small sausage ‚Äî the 'lunch from Zelensky' given to a wounded Ukrainian soldier over 11 hours

Ukrainian army‚Äôs supply system is a corrupt mess that leaves soldiers starving https://t.co/3sX9JvryVk",Sun Nov 02 15:56:44 +0000 2025,,,101,22,34
X,"Deceased Israeli hostage gets IDF send-off

Identified as soldier Tal Haimi, killed while defending Kibbutz Nir Yitzhak on October 7, body taken to Gaza by Hamas

Israel is calling on Hamas to hand over its remaining bodies https://t.co/zmstqTX61W",Mon Oct 20 23:02:12 +0000 2025,,,32,5,14
X,"IDF takes body of deceased hostage from Hamas

Body will now be taken to Israel‚Äôs National Center for Forensic Medicine for identification https://t.co/x0uivdjoWi",Mon Oct 20 18:46:56 +0000 2025,,,63,4,28
X,"'Price list' for dodging Ukraine's forced draft per Ukrainian Nat. Guard soldier Vladislav Stotsky:

‚óæÔ∏è ‚Ç¨500 when grabbed by recruiters
‚óæÔ∏è ‚Ç¨1,000 once in the van
‚óæÔ∏è ‚Ç¨10,000 once paperwork starts
‚óæÔ∏è ‚Ç¨15,000 to walk out of the draft office instead of heading to trenches https://t.co/CRkRA2NdVO",Mon Oct 06 15:25:26 +0000 2025,,,86,7,25
X,"Putin says Russian soldiers never change ‚Äî they remain 'resilient and courageous'

'When I say RUSSIAN soldier, I mean all ethnicities. Tsar Peter I said a Russian is someone who LOVES and SERVES Russia' https://t.co/bPcsoQq42c",Thu Oct 02 17:47:31 +0000 2025,,,63,3,21
X,"'As you name the ship, so it sails' ‚Äî Putin on the US Department of War

'Sounds a bit aggressive' https://t.co/gTEMtpB0HM",Thu Oct 02 17:44:05 +0000 2025,,,80,3,33
X,"Journalist finds most Moldovans don't want 'liberal West' with its 'LGBT parades'

You a soldier of the same struggle? https://t.co/Iq3L1C7D8a",Mon Sep 29 01:38:35 +0000 2025,,,54,2,16
X,"‚ÄòThe meddling from the EU is of STAGGERING proportions‚Äô

George Szamuely explains how the EU is using bribes and straight-up threats to hold on to Moldova

Brussels has hung its tattered reputation on this banana republic dumpster fire https://t.co/mCisIf37Y0",Sun Sep 28 17:17:08 +0000 2025,,,64,10,27
X,"'Zelensky trying to show his handlers he‚Äôs a BRAVE soldier, but situation on front line indicates the opposite'

Peskov then asked how Russia would react if Ukraine tries to attack Kremlin

'Better to not even talk about it. Everyone understands this' https://t.co/enx2vWCkq0",Sun Sep 28 09:56:59 +0000 2025,,,408,12,87
X,"Zelensky THREATENS Moscow with energy BLACKOUT

'If they threaten a blackout, for example, in capital of Ukraine'

Puffing out his chest after chat with Trump https://t.co/Vdxi4GwCwa",Sat Sep 27 13:25:52 +0000 2025,,,36,10,12
X,"‚úàÔ∏è Russia‚Äôs Rostec says new Su-35S fighters have been delivered to the army after passing ground &amp; flight tests

Billed as a 'universal soldier,‚Äô the jet is built for air superiority, long-range missions &amp; complex combat tasks https://t.co/lIyJF8TYmD",Wed Sep 24 10:49:23 +0000 2025,,,706,7,96
X,"DANGER who? Commander rescues wounded comrade on foot

He ran 2.5km through open area &amp; under threat of drones to deliver soldier to safety https://t.co/OK7ygFh3Cc",Tue Sep 23 07:16:25 +0000 2025,,,136,12,21
X,"IDF brings out HEAVY weapons to kill Hamas fighter 

They say he‚Äôs part of a ‚Äòsquad of armed terrorists‚Äô who seriously injured an Israeli soldier

The entire battlefield is already in ruins https://t.co/KI82SY781J",Mon Sep 22 16:04:03 +0000 2025,,,243,17,48
X,"Ukrainian troops FEAR Russia‚Äôs ‚ÄòRubicon‚Äô drone unit ‚Äì US media

Rubicon operators methodically pushed the Ukrainians out of Kursk ‚Äì now they‚Äôre causing ‚ÄòCHAOS‚Äô on the front lines

‚ÄòThose who clashed with them understand‚Äô, Azov soldier warns https://t.co/p7WnSAPkwK",Sat Sep 20 18:51:12 +0000 2025,,,556,6,102
X,"Gaza tower reduced to rubble after massive Israeli strike

Israel says Unknown Soldier Tower was ‚ÄòHamas terrorist infrastructure‚Äô https://t.co/lMFxfPv82x",Sun Sep 14 18:18:07 +0000 2025,,,53,4,40
X,"Kid bolts, ears covered, as Israeli bomb tears into Gaza tower in new slow-motion video https://t.co/dUn9MVDzYa",Sun Sep 14 16:31:26 +0000 2025,,,84,10,48
X,"US Army colonel SUSPENDED for ‚Äòtaking comfort‚Äô in Charlie Kirk‚Äôs death

Col. Scott Stephens accused Kirk of ‚Äòinciting‚Äô the political violence that killed him, now he might lose his job

Any openings for America‚Äôs wokest soldier? https://t.co/301159zJFh",Sun Sep 14 16:46:38 +0000 2025,,,118,16,34
X,"‚ÄòRhetoric out of Left is UGLY and BITTER' in wake of Kirk's murder, 'seeking to turn this opportunity into evil' ‚Äî DHS head Kristi Noem

Adds it's a turning point for the US and 'entire world'¬†

'Something has CHANGED'¬†

'We need more civil discourse' and 'to come together‚Äô https://t.co/jbwWKr5vfz",Sun Sep 14 15:26:56 +0000 2025,,,33,12,10
X,UNIDENTIFIED Israeli soldier writes 'In memory of Charlie Kirk'‚Äîon a TANK shell https://t.co/3qw93MsLLA,Sat Sep 13 10:29:54 +0000 2025,,,66,11,23
X,Israel hangs GIANT Trump‚ÄìKirk poster and paints mural of Kirk after his killing https://t.co/SqfyPj2i94,Fri Sep 12 16:09:05 +0000 2025,,,112,25,25
X,Unverified reports from The Defender Dome,Mon Oct 13 05:23:07 +0000 2025,,,11,0,3
X,"Netanyahu poses as defender of Christians at UNGA

Blames BETHLEHEM‚ÄôS exodus of Christians on Palestinians  

Omits IDF bombing churches in Gaza, killing Christians https://t.co/n1GpUpVIn6",Fri Sep 26 18:38:59 +0000 2025,,,72,11,29
X,"Netanyahu attempts to gain sympathy at UNGA

‚ÄòDid Nazis ask the Jews to leave, to kindly leave?‚Äô

‚ÄòShould I name all the other genocidal leaders of history‚Äô who persecuted Jews

Adds, Did any of these allow the Jews to escape? https://t.co/JkouRhOd09",Fri Sep 26 16:23:45 +0000 2025,,,126,113,28
X,"Public defender appointed for Tyler Robinson

Kathryn Nester has her work cut out for her ‚Äì is Kirk‚Äôs killer cooked? https://t.co/cHMSZaM9pu",Wed Sep 24 22:19:55 +0000 2025,,,23,7,10
X,"Tyler Robinson's 'trans partner' FLEES residence ‚Äî following MURDER of Charlie Kirk

Lance Twiggs has VANISHED after initially cooperating with authorities 

'Looks like nobody is home' https://t.co/5BwSxlwnp3",Wed Sep 24 14:42:42 +0000 2025,,,77,21,25
X,"'Likely Trident test with hypersonic glide vehicle/unusual payload' ‚Äî image from missiles expert Dr Marco Langbroek

'Deployment of elite forces suggests strikes/commando raids to drive Maduro from power may be in works' ‚Äî NYT

Footage/unverified reports from The Defender Dome https://t.co/kCSK3WVcrx",Mon Sep 22 03:07:09 +0000 2025,,,48,6,21
X,"Netanyahu on Charlie: he was 'defender of common Judeo-Christian civilization'

Claims worldwide problem: 'radical Islamists and their union with ultra-progressives'

Insists they‚Äôre the ones who 'use VIOLENCE to try take down enemies' https://t.co/JgEShPJtMy",Thu Sep 11 17:40:39 +0000 2025,,,41,18,12
X,"'They propped up Zelensky to be the hero, savior of democracy, defender of European values for so long.'

Says Mohar Borut Iztok of @DD_Geopolitics

'They're between a rock and a hard place right now ... about the landscape, which is obviously going to a very authoritarian path' https://t.co/oVL8xrfSGi",Wed Jul 23 11:52:52 +0000 2025,,,40,5,10
X,"'Corruption is not foreign to the EU' 

@DD_Geopolitics journalist Mohar Borut Iztok expects weightless words but not action from EU regarding Zelensky shutting down anti-corruption agencies 

'Kiev is their pet project. They're not stopping any aid' https://t.co/O83864b4ad",Wed Jul 23 11:37:04 +0000 2025,,,42,5,10
X,"'US needs to remove ANY perceived Russian presence in Armenia to establish foothold'

Political consultant and human rights defender Arnaud Develay tells RT

Adds this goal led to ‚ÄòARBITRARY arrest‚Äô of Karapetyan https://t.co/s2cvUp7686",Sun Jun 22 12:03:24 +0000 2025,,,32,2,7
X,"Procession underway in support of Armenian Apostolic Church, flanked by cops

Crowd heard chanting 'FREEDOM for political prisoner Samvel Karapetyan' ‚Äî Sputnik https://t.co/mQ591aNlJX",Sun Jun 22 08:44:10 +0000 2025,,,52,3,11
X,Unverified footage from OSINT Defender,Mon Jun 16 16:56:43 +0000 2025,,,18,1,4
X,Unconfirmed footage from The Defender Dome,Mon Jun 16 05:55:50 +0000 2025,,,40,1,7
X,"'We‚Äôve been Ukraine‚Äôs biggest supporter and defender' ‚Äî State Dept spox Tammy Bruce

She says 'it's been discussed' to move American-made air defence systems from Europe to Ukraine

Bruce hails Ukraine as 'great friend of this country', US is 'doing as much as we can' https://t.co/peJKArFX15",Wed Jun 11 13:37:56 +0000 2025,,,29,23,13
X,"Banning Moldovan Archbishop from Holy Fire trip attempt to PROVOKE Orthodox worshippers, sow division in Moldova

Political consultant and human rights defender Arnaud Develay tells RT

Adds Prez Sandu 'NATO-selected construct type of candidate' https://t.co/S3lQhL15cW",Sun Apr 20 11:37:28 +0000 2025,,,20,4,9
X,"Stick to Christ‚Äôs canonical church, Archbishop Markell urges Moldova‚Äôs Orthodox believers

‚ÄòAll the rest are man-made by ‚ÄúDARK‚Äù people‚Äô for shallow short-term gain, he said

Video from RIA Novosti https://t.co/aUYcMV6kbi",Sun Apr 20 08:54:48 +0000 2025,,,24,1,3
X,"More people worldwide see Russia as defender of TRADITIONAL values ‚Äî Foreign Minister Lavrov

'We aim to ease relocation for citizens from countries where unnatural behaviors and destructive neoliberal attitudes are imposed' https://t.co/dsuoyUZF2v",Wed Apr 16 09:25:01 +0000 2025,,,223,23,42
X,'Iran GPS jams' US C-17 jet into this 'extremely strange flight pattern' ‚Äî The Defender Dome https://t.co/JXSGUiU74f,Sat Apr 05 03:55:50 +0000 2025,,,586,18,162
X,Russia marks Defender of the Fatherland Day with dazzling fireworks show above St. Petersburg https://t.co/oJVYCzUvUE,Sun Feb 23 19:05:00 +0000 2025,,,405,7,65
X,"‚ùóÔ∏èYou are standing guard over Russia, fighting for truth and justice ‚Äî Putin

Russian leader presents awards to veterans in the Kremlin on Defender of the Fatherland Day https://t.co/SbXXWJgCDT",Sun Feb 23 08:58:11 +0000 2025,,,450,7,53
X,"Aussie police escort motorcade playing Red Army Strongest Of All 

Defender of the Fatherland Day at Bondi Beach https://t.co/pT5OIt2e4P",Sun Feb 23 07:35:45 +0000 2025,,,557,16,68
X,"50-meter Russian Army flag unveiled around the Saur-Mogila Memorial, to mark Defender of the Fatherland day 

Memorial honors Donbass liberation from Nazi Germany, and was heavily damaged by Zelensky's troops https://t.co/DrY6cxed5g",Sat Feb 22 08:18:56 +0000 2025,,,216,7,35
X,"Belgium strong defender of European project?

Nothing to do with them being the administrative center of it, surely? https://t.co/59YdhBKkwY",Mon Feb 03 11:48:56 +0000 2025,,,26,0,4
X,"This May we celebrate the 80th anniversary of the Great Victory... 

2025 in Russia has been announced The Year of the Defender of Motherland - Putin https://t.co/jkMt9yaUHz",Wed Jan 15 12:41:04 +0000 2025,,,149,12,36
X,"EU tribute to Ukraine pushes false narratives about ‚Äòbravery‚Äô and ‚Äòfree and independent Ukraine‚Äô

FACTS: Nearly 600k Ukr men fled the country, Zelensky‚Äôs goons kidnap recruits 

No free press, no free elections, churches banned, thousands of political prisoners https://t.co/XU8DnIWIoc",Sat Aug 23 20:57:21 +0000 2025,,,81,13,26
X,"Not your average Ukrainian woman

In Lutsk, she took on 4 of Zelensky‚Äôs conscription squad ‚Äî punching, kicking, &amp; refusing to back down until they released the man

One¬†man¬†saved https://t.co/8AII4Lqyht",Wed Aug 06 11:05:31 +0000 2025,,,532,40,162
X,"‚ÄòSKILL and BRAVERY‚Äô of US forces protected Israel ‚Äòin their own quiet way‚Äô in the Mediterranean and with missile defense ‚Äî DefSec Hegseth in meeting with Netanyahu

Israeli leader expresses his thanks and ‚Äòadmiration‚Äô for US military https://t.co/GZPXDkwm8o",Wed Jul 09 16:25:53 +0000 2025,,,66,29,29
X,"Iran will DEFEND itself 'with PRIDE and BRAVERY' against the 'most outrageous aggression' ‚Äî FM Araghchi, in a post on X

The 'aggressor will regret and pay for its grave error'

Iran doesn‚Äôt have and 'will never seek‚Äô nukes and is ‚Äòcommitted to diplomacy'

(Map from his post) https://t.co/QgIW441XiI",Wed Jun 18 21:38:45 +0000 2025,,,188,19,56
X,"‚ÄòREGIME could FALL‚Äô ‚Äî Trump answers affirmatively to reporter‚Äôs question on outcome with Iran 

‚ÄòAnything can happen‚Äô

‚ÄòCould‚Äôve been done the easy way‚Äô https://t.co/9ax1ryy1gJ",Wed Jun 18 20:52:21 +0000 2025,,,42,11,13
X,"Belarusian truck driver among those trying to prevent Ukrainian drones from launching in Irkutsk

'Everyone helped to make sure they wouldn‚Äôt take off again... We threw rocks at them to pin them down'

Irkutsk region governor has already pledged to reward everyone for the bravery https://t.co/kCjMST5U3a",Mon Jun 02 09:40:59 +0000 2025,,,407,10,67
X,"‚ùóÔ∏èMoment Irkutsk region eyewitnesses JUMP on truck to stop drones flying out

Unverified vid shows fearless men putting their lives on the line to block drones being launched https://t.co/cLCxBSqUCv",Sun Jun 01 14:38:16 +0000 2025,,,474,36,112
X,What's he hiding on Zelensky's 'Bravery Express' with Merz and Starmer?,Mon May 12 03:57:34 +0000 2025,,,50,5,6
X,"Do Merz, Macron and Starmer look brave on Kiev's 'Bravery Express'? https://t.co/Of3fEJELEi",Sat May 10 05:41:25 +0000 2025,,,46,11,9
X,"‚ÄòWe HONOR their word‚Äô, Trump says on Houthi deal

The Don even praises their ‚Äòbravery‚Äô and ability to ‚Äòwithstand punishment‚Äô

Seems confident the militants will ‚Äòleave the ships alone‚Äô from now on https://t.co/vHm62NNKMc",Wed May 07 18:29:11 +0000 2025,,,54,4,16
X,"Trump on Ukraine peace talks: I‚Äôm NOT happy about it

'We‚Äôre getting to a point where some decisions are gonna have to be made' https://t.co/ZDvUx5JmfB",Wed May 07 18:04:55 +0000 2025,,,22,7,3
X,‚ÄòI did my duty that day‚Äô Pence apparently believes he really earned his JFK Bravery award for Jan 6 https://t.co/XJH7lT9LIj,Mon May 05 03:47:20 +0000 2025,,,51,21,9
X,"Mike Pence will receive a JFK Library Foundation award for putting his ‚Äòlife and career on the line‚Äô during the January 6 Capitol riot

REMINDER: Pence hid under the Capitol while the pro-Trump mob took a cheeky unauthorised tour of the building https://t.co/dhh8U3Aajf",Sun May 04 22:55:43 +0000 2025,,,71,17,9
X,"Mystery Trump portrait gifted by Putin revealed ‚Äì CNN

Russian artist Nikas Safronov didn't charge money, hoping to help bring Russia and US closer

'It was important to show the blood, the scar and his bravery,' notes the artist https://t.co/ykJfqeT11H",Tue Apr 22 18:01:33 +0000 2025,,,328,22,64
X,"‚ö°Ô∏è Brazil calls for ‚ÄòEXTRAORDINARY‚Äô BRICS summit amid Trump tariffs ‚Äî Valor

President Lula WARNS multilateralism under ‚ÄòATTACK‚Äô

Seeks to unite multipolar nations on NEXT steps https://t.co/9o41gssuCe",Sat Aug 30 21:26:46 +0000 2025,,,715,10,156
X,"HORRIFYING moment man in WHEELCHAIR shot right in broad daylight

Greg Timm accused his victim, a 68-year-old man, of ‚Äòstolen VALOR‚Äô(claiming to be military)
 
The man was trying to pull out his military id https://t.co/awNpuvekW9",Wed Aug 13 06:17:11 +0000 2025,,,572,112,193
X,"Russia and Brazil to STRENGTHEN financial partnership ‚Äî  Valor Econ√¥mico

This comes after US threatened to impose secondary sanctions on Russia's key partners

Experts from both sides to outline further steps https://t.co/TMi1oz6OVN",Tue Aug 12 01:20:51 +0000 2025,,,385,7,78
X,"Trump praises ‚Äòindescribable valor and unwavering patriotism‚Äô of 160,000 US and allied troops who stormed Normandy‚Äôs beaches 81 yrs ago 

Adds, this ‚Äòturned the tide‚Äô in the battle against Nazism 

‚ÄòWe are ETERNALLY INDEBTED‚Äô to those who fought and died ‚Äòin this NOBLE struggle‚Äô https://t.co/t4hQ6CXLeG",Fri Jun 06 15:47:53 +0000 2025,,,52,5,11
X,"Hegseth's shoulder is adorned with the motto of his army regiment ‚Äî Ne Desit Virtus, Latin for 'Let Valor Not Fail' https://t.co/kIkYtRbG4M",Thu Mar 27 17:00:23 +0000 2025,,,79,5,12
X,"Russian soldiers awarded for service in SMO by Major General Tulyaganov

'For courage' the medal reads 

The ceremony was held on the occasion of National Unity Day https://t.co/qKfpuYqDlv",Wed Nov 05 14:23:02 +0000 2025,,,65,3,13
X,"Trump celebrates Bill Gates saying climate change won‚Äôt mean the end of the world

Praises him for 'courage' to admit 'he was completely WRONG'

Another war ended ‚Äî this time on 'climate change HOAX' https://t.co/IjLNknEuz0",Wed Oct 29 22:14:06 +0000 2025,,,173,12,42
X,"Bill Gates appears to soften his climate doom stance

While he once warned of ecosystems dying off, he now says climate change won't end humanity, but will only harm the poor

'People will be able to live and thrive in most places on Earth for the foreseeable future' https://t.co/vhKHrtNptO",Wed Oct 29 13:57:16 +0000 2025,,,76,40,17
X,"Farage would be 'VERY cautious' about UK troops on ground in Ukraine

Interviewer accuses him of 'giving Russia courage'

His response: 'rather like Trump, I‚Äôm NOT a warmonger' https://t.co/r9etTpzz6g",Sat Oct 25 14:04:30 +0000 2025,,,127,11,18
X,"Nigel Farage admits 'endless eastward expansion of NATO and EU' was a MISTAKE

Then: 'I was really hoping that Trump could bring Putin to heel'

'Obviously Putin is a very bad dude. Simple'

This man could be UK‚Äôs next PM https://t.co/A3AGsDtZym",Sat Oct 25 13:18:45 +0000 2025,,,104,26,29
X,"Putin thanks all RT employees ‚Äî special gratitude to editor-in-chief Margarita Simonyan

'We all know you and your family are in a turbulent period now, but you have and will always express courage through your work' https://t.co/4uDsinb3KF",Fri Oct 17 16:37:36 +0000 2025,,,142,10,38
X,Applause erupts in Russia‚Äôs historic Bolshoi Theatre as Putin PERSONALLY congratulates RT on 20th Anniversary https://t.co/F8J1yPciPN,Fri Oct 17 16:32:34 +0000 2025,,,1380,40,173
X,"Russian soldiers HONORED for their heroism during the Special Military Operation 

'I'm confident that you will continue the glorious military tradition under the motto, Duty, Honor, Courage' https://t.co/D55jbnfFgO",Sun Oct 12 12:39:53 +0000 2025,,,140,10,29
X,"Israeli Prez 'ANXIOUSLY' awaiting return of hostages

Herzog ready to follow up on Hamas‚Äô 'OBLIGATION' to release them all

Admires Trump 'for his courage, leadership, stamina'

And commitment to 'change reality in Middle East toward better direction' https://t.co/krVaWkh1NS",Sun Oct 12 11:42:17 +0000 2025,,,28,3,8
X,"Netanyahu READY to get all hostages back

Israel has been moving Palestinian prisoners in preparation for exchange

Families of hostages have been sent message: release to start Monday morning https://t.co/lcZNdmZjrL",Sun Oct 12 10:47:12 +0000 2025,,,31,4,13
X,"Trump thanks FBI ‚Äòwhistleblowers‚Äô for ‚ÄòCOURAGE‚Äô reporting ‚ÄòABUSES‚Äô related to Jan 6 witch-hunt 

Pledges to end ‚Äòpolitical bias‚Äô in federal law enforcement https://t.co/yFoLNhez4W",Thu Oct 09 16:14:17 +0000 2025,,,56,5,13
X,Families of Israeli hostages in DC: 'Thank you President Trump for your COURAGE' https://t.co/ThPUexPhOW,Wed Oct 08 23:41:47 +0000 2025,,,29,7,11
X,"‚ùóÔ∏èTrump announces Israel and Hamas have SIGNED OFF on 1st phase of Peace Plan

ALL hostages released soon, Israel to withdraw troops to agreed-upon line

Calls it 'HISTORIC and unprecedented event'

'BLESSED ARE THE PEACEMAKERS' https://t.co/itlONeo8Dc",Wed Oct 08 22:54:50 +0000 2025,,,128,14,46
X,"Russia holds ‚Äòstrategic ADVANTAGE‚Äô in Ukraine conflict ‚Äì Putin

More than 5,000 square kilometers of territory liberated this year

Extends ‚Äòsincere gratitude to all military personnel for their courage and for their daily HEROISM‚Äô https://t.co/tFlvCQscWy",Tue Oct 07 18:20:33 +0000 2025,,,292,12,73
X,"Putin on Reunification Day hails Russian soldiers as ‚Äòtrue heroes of our time‚Äô

Thanks them for loyalty and courage in defending the Motherland

Says their fight will guarantee Russia‚Äôs security and bring lasting peace to Donbass and Novorossiya https://t.co/pSPltS023O",Mon Sep 29 21:47:27 +0000 2025,,,116,6,26
X,"Putin lists MASSIVE program of investment in new regions

‚Äì Nearly 24k new buildings, schools, hospitals

‚Äì Transport and communications infrastructure

‚Äì 6,350km of new highways

After ‚ÄòDECADES‚Äô of neglect by the Kiev regime https://t.co/qKKLHIsNzx",Mon Sep 29 21:39:36 +0000 2025,,,1928,69,417
X,"White House pays tribute to Charlie Kirk‚Äôs legacy

Honored not just as a political figure, but as a man of faith, courage, and conviction ‚Äî speakers called him ONE OF ONE

Remembered for championing free speech and shaping a generation https://t.co/yJ6oKLvXc3",Sun Sep 21 06:13:11 +0000 2025,,,63,8,14
X,"üáÆüá≥ Amid the quake‚Äôs terror, nurses in Nagaon, India, chose not to flee

They stayed to shield newborns, protecting the tiniest lives with their own courage https://t.co/6xWvzKyMfz",Mon Sep 15 12:21:18 +0000 2025,,,313,14,63
X,"‚ö°Trump will AWARD Charlie Kirk posthumously with Medal of Freedom

'I have no doubt the COURAGE that he instilled in people will LIVE on' https://t.co/tQjhOMHHd9",Thu Sep 11 14:11:53 +0000 2025,,,94,9,19
X,"Trump arrives at September 11th Observance Event with a visibly dejected expression

The deceased Kirk was considered one of his closest allies https://t.co/oruAgwAFcE",Thu Sep 11 13:17:32 +0000 2025,,,155,17,24
X,"How do you want to be REMEMBERED?

‚ÄòIf I DIE?

I wanna be remembered for COURAGE for my faith‚Äô ‚Äî Charlie Kirk

He almost couldn‚Äôt fathom passing away‚Ä¶ https://t.co/rVRMTaqxYR",Thu Sep 11 08:01:02 +0000 2025,,,92,6,32
X,"KIRK PREDICTS WHO WILL TRY TO KILL HIM

'They're gonna do everything they can to murder' https://t.co/cRg9Ko11m4",Thu Sep 11 00:46:56 +0000 2025,,,37950,556,10626
X,"Charlie Kirk ‚Äògave so many people the COURAGE to speak up‚Äô ‚Äî Donald Trump Jr

Vows ‚Äòwe will NOT EVER be silenced‚Äô

Loved Kirk like a ‚ÄòBROTHER‚Äô https://t.co/xIz6nwYJoe",Wed Sep 10 21:06:39 +0000 2025,,,134,7,14
X,"Zelensky celebrates 'Military Intelligence Day' ‚Äî so historic he only established it in 2022

Praises 'courage and devotion' to 'find enemy's weak spots'

Interesting way to phrase 'well done for organizing TERROR ATTACKS on Russia' https://t.co/dEyMDUXAih",Sun Sep 07 09:53:55 +0000 2025,,,42,4,9
X,"One year ago, US citizen Ay≈üenur Ezgi Ege was shot dead by an Israeli SNIPER in the West Bank 

US Govt hasn‚Äôt investigated 

Her sister and husband honor her in a video to the Global Sumud Flotilla

‚ÄòHer heart, determination and courage is the wind in our sails today and always‚Äô https://t.co/nED57GJclY",Sat Sep 06 18:58:34 +0000 2025,,,92,8,41
X,"A silver coin featuring Putin‚Äôs portrait 

German magazine lists it at $87

Marketed as a symbol of loyalty, strength, and courage ‚Äî celebrating resilience and triumph over the Western mainstream

Merz will be first to buy it https://t.co/NMFtpeEr0U",Thu Aug 28 06:34:42 +0000 2025,,,261,24,46
X,"'By stopping brutal Moscow HORDE, you show example of courage and determination'

Lithuania‚Äôs Prez delights in DEHUMANIZING Russians in message for Zelensky https://t.co/5QUMpAAl2Z",Sun Aug 24 09:15:06 +0000 2025,,,24,3,3
X,"Zelensky: 'Ukraine never again in history to endure shame that Russians call 'compromise''

Claims HE‚Äôs 'restored unity of Europe and US'

And Ukraine‚Äôs 'not told to wait outside the door'

Independence Day rambling in full swing https://t.co/9EjGObE4cl",Sun Aug 24 08:34:41 +0000 2025,,,192,65,49
X,"Commandos from Turkish Armed Forces also took part in the Azerbaijan Victory Day Parade

With President Erdogan looking on from the tribune https://t.co/mzUetPCYif",Sat Nov 08 11:46:06 +0000 2025,,,23,0,6
X,"Baku shows off its military might at 5th anniversary of Azerbaijan‚Äôs victory in the Second Nagorno-Karabakh War 

The large-scale parade introduced a new branch of unmanned systems troops https://t.co/NNcum1TDXe",Sat Nov 08 11:41:40 +0000 2025,,,22,2,8
X,"'It was nice knowing you New Yorkers'

Former US Rep and FELON George Santos reacts to Mamdani victory in NYC

'I rather the evil I know, than the evil I don't wanna know' https://t.co/zTr78gFBOU",Fri Nov 07 15:30:09 +0000 2025,,,22,6,5
X,Dive into Mamdani‚Äôs victory ‚Äì and what it means for the US ‚Äì here: https://t.co/SfHhw2ZFlJ https://t.co/9ni7jCHaZu,Thu Nov 06 22:00:03 +0000 2025,,,7,2,4
X,"Icebreaker anchored in the North Pole? 

Perfect time to celebrate Russia's National Unity Day!

Crew from the icebreaker '50 Years of Victory' mark the day with a classic Russian folk dance https://t.co/Tjm80Az0rh",Thu Nov 06 19:18:04 +0000 2025,,,98,6,14
X,"‚ÄòI think he should be very nice to me‚Äô ‚Äî Trump responds to Zohran Mamdani‚Äôs victory speech slamming him

'I'm the one that has to approve a lot of things coming to him'

'He should reach out to us' https://t.co/7HlrmBkxOJ",Wed Nov 05 23:39:14 +0000 2025,,,166,18,34
X,"‚ÄòI‚Äôm a very modest person‚Äô ‚Äî Trump

‚ÄòWe‚Äôre gathered today on the one year anniversary of the single most consequential election victory they say‚Äô

‚ÄôThis is them, this isn‚Äôt me‚Äô

‚ÄòI‚Äôm a very modest person. I would never say this‚Äô https://t.co/OCSYTuJfNw",Wed Nov 05 19:18:17 +0000 2025,,,20,1,5
X,"‚ÄòWe‚Äôll TAKE CARE of‚Äô Mamdani

Trump says ‚Äòwe lost a little bit of sovereignty last night in New York‚Äô, but he‚Äôs on the case https://t.co/dE4xWYVdM1",Wed Nov 05 19:14:29 +0000 2025,,,38,4,14
X,"'The Democrats' national leader is Mamdani, he's a communist'

Speaker Mike Johnson wasn‚Äôt swayed by Chairman Kwame's victory speech https://t.co/LBNMQvpkwz",Wed Nov 05 18:07:42 +0000 2025,,,23,8,8
X,"New York's chief socialist warns Trump and immigration officers not to test his patience

Mamdani puts ICE on notICE:

'If you violate the law, you must be held accountable' https://t.co/8CBymxQgDK",Wed Nov 05 16:45:32 +0000 2025,,,376,53,101
X,"The White House has NOT called to congratulate Zohran Mamdani

Mamdani says he is open to working with Trump after his victory speech calling Trump a ‚Äòdespot‚Äô

He‚Äôs going to be waiting by the phone for a while‚Ä¶ https://t.co/rG4pX7cCbo",Wed Nov 05 17:07:07 +0000 2025,,,224,23,24
X,"‚ÄòThe beautiful prose of governing has only just begun‚Äô ‚Äî Mamdani

New York's incoming socialist mayor clearly still high on victory

Turnout highest in 50 years, but he acknowledges those ‚Äòtoo disappointed by the political process to participate at all‚Äô https://t.co/hoxIRc32Pn",Wed Nov 05 16:28:59 +0000 2025,,,50,4,11
X,"A city of immigrants, ‚Äònow LED BY an immigrant‚Äô

Zohran Mamdani is New York‚Äôs new mayor, and the city awaits Trump‚Äôs response

Is NY COOKED, or is everyone blowing this not-so-shocking win out of proportion? https://t.co/j1hHwiZnqr",Wed Nov 05 16:16:12 +0000 2025,,,36,9,9
X,"Last night was not expected to be a victory, it's very Democrat areas ‚Äî Trump

'I don't think it was good for Republicans... I'm not sure it was good for anybody' https://t.co/qUOdx4M1sX",Wed Nov 05 13:50:31 +0000 2025,,,102,3,14
X,Trump's horror when Mamdani won https://t.co/V0rmLuPTyF,Wed Nov 05 13:48:41 +0000 2025,,,94,6,14
X,Abigail Spanberger celebrates victory in first appearance as Virginia‚Äôs governor https://t.co/Pj7H2xzjDN,Wed Nov 05 02:01:15 +0000 2025,,,21,5,8
X,"'Ordinary American girl brought down a British prince'

Virginia Giuffre‚Äôs family speak out after Andrew‚Äôs royal titles STRIPPED

'Today she declares a VICTORY. We continue Virginia‚Äôs battle' https://t.co/rZHtfheC0r",Thu Oct 30 20:51:30 +0000 2025,,,322,27,73
X,"Prince Andrew BOOTED from Buckingham Palace

Epstein‚Äôs best pal has been stripped of his titles and kicked out into the real world

Palace says its sympathies with ‚Äòvictims and survivors‚Äô of abuse https://t.co/TkJOIdPe1X",Thu Oct 30 19:16:18 +0000 2025,,,93,12,37
X,"MAMDANI surrounded by Christians in prayer

‚ÄòThank you lord for the VICTORY‚Äô

Is this HARAM? https://t.co/gTa3G3SzXb",Wed Oct 29 00:23:51 +0000 2025,,,275,89,33
X,"If Trump ‚Äòever wants to come for New Yorkers‚Ä¶he‚Äôs going to have to get through me‚Äô 

Mamdani‚Äôs talking tough

Can the lightweight contender take on the reigning heavyweight champ? https://t.co/k1OEBQhB9K",Thu Oct 16 23:38:49 +0000 2025,,,72,16,17
X,"Hungary's Orban congratulates Argentina's Milei with victory 

'Both countries share respect for freedom &amp; sovereignty' https://t.co/pyRblrK8nM",Mon Oct 27 08:08:07 +0000 2025,,,51,2,13
X,"‚ÄòRESOUNDING‚Äô victory for ordinary people ‚Äî Former European and Irish MP Mick Wallace tells RT

Catherine Connolly‚Äôs win is victory for ‚Äòanti-militarization‚Äô in Europe

‚ÄòWe don‚Äôt want war, we want no part in imperialist wars, we want PEACE‚Äô

‚ÄòWe want to be NEUTRAL‚Äô https://t.co/AOvqPeRIhh",Sat Oct 25 20:09:19 +0000 2025,,,92,6,31
X,"‚ùó'Left-wing Eurosceptic' Catherine Connolly WINS Irish Presidential Election 

Opponent Heather Humphreys concedes and congratulates Connolly https://t.co/TuXMHYd3C1",Sat Oct 25 13:38:05 +0000 2025,,,83,4,14
X,"'China helps Russia, doesn‚Äôt help Ukraine'

'And not interested in our victory, and in Russia losing'

That‚Äôs heresy in Zelensky‚Äôs eyes, though he won't stoop so low as to admit it https://t.co/NAW70JL81g",Thu Oct 23 16:53:38 +0000 2025,,,90,17,16
X,"Zelensky sums up events since his last Trump meeting:

‚Äî 'We have sanctions on Russian energy'
‚Äî 'We don‚Äôt have meeting in Hungary without Ukraine'
‚Äî 'We have not yet Tomahawks'

'I think not bad' he concludes, while reporters laugh politely https://t.co/T8gwNVbzgA",Thu Oct 23 16:30:16 +0000 2025,,,217,41,42
X,"Was Biden creating 'obstacle' to Ukraine victory by delaying weapons transfers?

Zelensky not prepared: ‚Äòvery difficult question‚Äô plus a nervous laugh

Illegitimate dictator instead proclaims 'we had our will, we are very FREE people' https://t.co/KpvYEfAEMe",Sun Oct 19 15:51:40 +0000 2025,,,69,2,20
X,"Zelensky asked if Trump needs to get tougher with Putin

Silence as cogs turn in his brain

Settles on 'yes, and even more'

'Putin is something similar, but more strong that Hamas' https://t.co/ezcvKWgP5I",Sun Oct 19 15:26:56 +0000 2025,,,109,12,25
X,"Medvedev says Zelensky‚Äôs 'Banderite gang WON‚ÄôT be recognized as winners in any case'

After Trump wrote 'let BOTH claim victory'

Instead, 'end of the war will mean DEATH of the regime' https://t.co/gy7AnAooQe",Sat Oct 18 13:28:51 +0000 2025,,,196,15,46
X,"‚ö°Ô∏è Meeting with Zelensky was ‚Äòvery interesting and CORDIAL‚Äô

But ‚Äòtime to‚Ä¶ make a DEAL!‚Äô

‚ÄòLet BOTH claim victory, let history decide‚Äô ‚Äî Trump https://t.co/sWZ4LiObbj",Fri Oct 17 20:56:27 +0000 2025,,,89,6,17
X,"‚ö°Ô∏è Zelensky clearly UNEASY: ‚Äòdo NOT want to make statements‚Äô

Total reversal on Tomahawk missiles post-Trump meeting

‚ÄòWe decided that we don‚Äôt speak about it‚Ä¶ US does NOT want escalation‚Äô https://t.co/pnEHLqiAKE",Fri Oct 17 20:53:37 +0000 2025,,,420,43,78
X,Trump waves Malaysian Stripes of Glory &amp; US flag https://t.co/TuTTJAYlpB,Sun Oct 26 02:33:38 +0000 2025,,,210,5,45
X,'Glory to Russia!' ‚Äî UFC's Brazilian Valter Walker addresses fans in Russian https://t.co/zxjXzPZFUn,Sun Oct 26 00:50:09 +0000 2025,,,118,7,15
X,Fans of Serbian Red Star welcomed Lithuanian team with 'GLORY TO RUSSIA' banners and Russia dedicated song https://t.co/Gv9zMA2lAS,Thu Oct 16 08:11:52 +0000 2025,,,66,6,14
X,"185 Russian PoW return home after prisoner exchange with Ukraine ‚Äî 'I'm going to hug my mom' one of them says

'Glory to Russia!' https://t.co/YJpYESWtPd",Thu Oct 02 13:48:04 +0000 2025,,,111,6,25
X,"‚ùóÔ∏è Russia and Ukraine exchange 185 PoW each

The Russian Ministry of Defense confirmed the operation was conducted under the Istanbul Agreements, securing the return of 185 Russian servicemen and 20 civilians

In turn, 185 captured Ukrainian soldiers were handed over to Kiev https://t.co/GITiiCfs29",Thu Oct 02 12:15:33 +0000 2025,,,84,3,18
X,"A man shouting 'Glory to Ukraine' stormed an opposition rally in Chisinau, Moldova

A woman struck him with her handbag, telling him 'go home then'

Meanwhile, ex-President Igor Dodon told reporters he does not recognize the parliamentary election results https://t.co/Vmg5YnqHZP",Mon Sep 29 10:48:34 +0000 2025,,,64,5,19
X,üá≤üá© Heavy police presence fills central Chisinau as opposition groups rejecting election results rally outside parliament in Moldova https://t.co/QxY8mpLRtz,Mon Sep 29 10:06:20 +0000 2025,,,32,2,12
X,"'Glory to UPA!' - Monument to victims of Volyn Massacre desecrated in Poland

Marked with symbols of WWII Ukrainian Insurgent Army, authorities reportedly investigating who could be the culprit https://t.co/Y0ZPqBOo7L",Fri Aug 08 06:15:53 +0000 2025,,,31,3,12
X,Footage from Mike Graham's Morning Glory,Thu Aug 07 06:09:32 +0000 2025,,,3,0,3
X,"Moldovan opposition leader Alexei Lungu DETAINED ‚Äî local media

Two activists also detained ‚Äî Alexander Panov and Ivan Gucci

No valid reasons given, taken in for 'preventive talks'

Just as country's PM is set to arrive in city of Taraclia

Democracy in all its glory https://t.co/gbVpJmbkCt",Sun Jul 27 12:28:26 +0000 2025,,,38,1,16
X,"'THE HAGUE is the perfect venue' to put Russia on trial ‚Äî Zelensky speaking at Council of Europe¬†

'Crime of aggression must be recorded, judged and punished'

Ironically, Zelensky ends speech proclaiming 'Glory to Ukraine', slogan used by Nazi-era war criminal Stepan Bandera https://t.co/yN9tcMVEPz",Wed Jun 25 21:04:33 +0000 2025,,,55,15,22
X,"‚ÄòAGGRESSOR must LOSE' ‚Äî Zelensky speaking to Council of Europe 

Adds that 'JUSTICE matters'

'War criminals must have nowhere to hide'

Will his words make Washington and Tel Aviv nervous? https://t.co/fz8UlIlp8E",Wed Jun 25 20:49:26 +0000 2025,,,34,8,15
X,"Many Russian fighters still can‚Äôt believe they‚Äôve been freed from captivity

'Thank you so much for not forgetting your own, as they say ‚Äî for not abandoning comrades in battle'

'God bless you! Glory to Russia!' ‚Äî cry the exhausted soldiers https://t.co/Fwhgc0bgkn",Thu Jun 12 13:10:04 +0000 2025,,,68,3,10
X,"Happy Russian soldier, back from harsh Ukrainian captivity, calls his family ‚Äî who can‚Äôt believe their loved one is alive

Soon, he‚Äôll finally be home https://t.co/ewdT14pM8U",Thu Jun 12 12:43:46 +0000 2025,,,103,5,11
X,"Lvov in western Ukraine dismantles a Soviet-era memorial honoring fallen soldiers

The Glory Hill monument ‚Äî dedicated to Russian, Ukrainian, and other Soviet troops who died in World War II ‚Äî was removed amid local applause https://t.co/emv7bR12F4",Tue May 27 14:26:35 +0000 2025,,,35,11,14
X,"Dutch university professors slam exec body for calling violent cops on own pro-Palestine students

European free speech in all its glory https://t.co/FZMKce6UnA",Wed May 21 03:00:24 +0000 2025,,,613,60,229
X,"‚ùóÔ∏èPutin praises ‚Äòheroism, dedication‚Äô of DRPK troops for helping defeat Ukrainian forces in Kursk Region

He said they 'defended our Motherland as their own... covering themselves with unfading glory.' https://t.co/zvykVD3upt",Mon Apr 28 06:09:29 +0000 2025,,,661,19,99
X,"China‚Äôs mean, green, foresting dream: Taklimakan Desert to be swamped in tropical glory

In 2025, Beijing is planning to plant trees across nearly 600K hectares around the Taklimakan Desert to fight desertification. https://t.co/LNvhWnuPMC",Tue Apr 15 03:29:08 +0000 2025,,,65,6,16
X,"One of the favorites to succeed Trudeau just ranted entirely in Ukrainian, ending with the words 'Glory to Ukraine'

Which country does Freeland serve again? https://t.co/fxhSrFYQ1g",Sat Mar 01 05:54:35 +0000 2025,,,151,18,31
X,Canada snags 4 Nations glory with 3-2 win over Team USA in Boston https://t.co/NQU2ytcucs,Fri Feb 21 04:42:16 +0000 2025,,,77,19,13
X,"Hegseth‚Äôs 1st words after being sworn in:

'All praise and glory to God. His will be done' https://t.co/XUFEEyhLGW",Sat Jan 25 16:02:22 +0000 2025,,,124,16,20
X,‚ùóÔ∏èVP JD Vance swears in Pete Hegseth as US Secretary of Defense https://t.co/osG8tmSCaX,Sat Jan 25 15:37:33 +0000 2025,,,120,3,22
X,"‚ùóÔ∏è Donetsk village liberated by Russian forces ‚Äî MoD

'Glory to Russia' ‚Äî Soldiers say while holding up Russian flag in Solenoye https://t.co/4YNSeffCE0",Thu Jan 23 11:56:37 +0000 2025,,,62,3,12
X,"‚ùóÔ∏èDonetsk village liberated by Russian forces ‚Äî MoD

'Victory will be ours' say soldiers raising Russian flag in Volkovo https://t.co/JmoFPtoTx1",Tue Jan 21 12:12:07 +0000 2025,,,102,4,18
X,"Beijing blasts off!: China rockets to glory with its 557th Long March mission on Thursday, sending the sixth batch of Spacesail Constellation satellites into orbit https://t.co/Q50a68181Y",Thu Jan 23 07:33:41 +0000 2025,,,73,4,16
X,For those of you wondering what is the song ‚ÄòSimga-Boy‚Äô here it is in all of its glory https://t.co/chdQfiMXLb,Fri Jan 17 14:47:14 +0000 2025,,,18,3,3
X,"‚ùóÔ∏èIranian Prez Peseshkian has announced plans to REBUILD destroyed nuclear facilities ‚Äòwith greater strength‚Äô ‚Äî Tasnim 

Stressing that Tehran does NOT seek nuclear weapons  

According to Vice Prez Eslami, Iran will also construct EIGHT nuclear power plants with help of Russia https://t.co/IRcXNDrb3G",Mon Nov 03 06:20:40 +0000 2025,,,108,6,20
X,"Zionists 'are the finest of human beings' ‚Äî Israeli Prez Herzog lashes out at anti-Zionism during opening of World Zionist Congress

'Those who used to call us Yids, now call us Zios

These Zios have the heart and soul, invincible strength... of which you can only dream' https://t.co/61SkZNJHwc",Wed Oct 29 13:47:52 +0000 2025,,,17,19,6
X,"Ukraine will NOT manage to regain lost territories ‚Äî Italian Def Chief Crosetto

'Regaining territories lost in 2014 and after Feb 2022 now widely considered impossible. Russia will never cede them, and Ukraine won't have the strength to reconquer them alone, even with our help' https://t.co/b2AKY9rB1w",Tue Oct 28 15:28:42 +0000 2025,,,136,7,22
X,"Fierce winds lash Jamaica‚Äôs north coast

Hurricane Melissa creeping closer by the hour

Forecast to hit Category 5 strength ‚Äî 160 MPH winds https://t.co/fWknmusSVg",Sun Oct 26 21:40:04 +0000 2025,,,98,7,29
X,"Evacuation sirens blare in Jamaica‚Äôs Old Harbour Bay

Rising seas flood homes and roads

Hurricane Melissa intensifies as it nears the island https://t.co/N5lwrAylse",Sun Oct 26 21:20:58 +0000 2025,,,67,7,19
X,"‚ö°Ô∏è Jamaica on HIGH ALERT as Hurricane Melissa nears

All airports to CLOSE, ‚ÄòCATASTROPHIC flooding‚Äô expected ‚Äî NHC

Expected to hit CATEGORY 5 strength, 160MPH winds https://t.co/QZJawg6Yw9",Sat Oct 25 23:18:16 +0000 2025,,,89,11,41
X,"Jamaica braces for impact in tropical storm Melissa 

Expected to reach major hurricane strength by Sunday https://t.co/J78Y9iU674",Sat Oct 25 03:36:05 +0000 2025,,,33,1,10
X,"Now let Zelensky HIT Russia with Tomahawks ‚Äî Finnish PM Petteri Orpo 

‚ÄòUkraine must be armed to match‚Äîor beat‚ÄîRussia‚Äô

'Putin only responds to strength', he warns

Sure, because weapons solve everything, right? https://t.co/aHCRkMxL4x",Thu Oct 23 04:55:24 +0000 2025,,,110,17,24
X,"Yoga on a warship ‚Äî not your usual battlefield routine

On the deck of INS Vikrant, Indian naval personnel rolled out their mats, proving strength isn‚Äôt only in missiles, but in mind and body too https://t.co/pH34NscWmk",Mon Oct 20 10:14:05 +0000 2025,,,148,9,22
X,"India put its naval and air power on full display as PM Modi witnessed a spectacular Diwali show aboard aircraft carrier INS Vikrant

Featuring fighter jets, warships and cultural performances https://t.co/VbiTzPDIbU",Mon Oct 20 09:51:30 +0000 2025,,,131,7,25
X,"üáÆüá≥ ‚ÄòWishing RT greater success and more strength in the coming years and decades‚Äô ‚Äî Vinay Kumar

India‚Äôs Ambassador to Russia congratulates RT on its anniversary https://t.co/RrfWdnwRzH",Fri Oct 17 10:24:42 +0000 2025,,,44,1,13
X,"Ukrainian MoD Shmygal says EU's 'Readiness 2030' is a TURNING POINT ‚Äî defines it as 'peace through strength' 

Claims Ukraine is 'shielding Europe and its values' from Russia

Do Ukrainians really want to be 'shields'? https://t.co/VbupRuR6xs",Thu Oct 16 18:54:50 +0000 2025,,,29,7,6
X,"NATO not backing down and won‚Äôt agree to Moscow‚Äôs conditions 

GenSec Rutte says Alliance will help Kiev ‚Äònegotiate peace from a position of STRENGTH‚Äô 

‚ÄòAnd deter any AGGRESSION in the future‚Äô https://t.co/Z0xidUWV53",Wed Oct 15 17:25:10 +0000 2025,,,13,15,11
X,"‚ÄòHARD POWER is only thing belligerents respect' ‚Äî Hegseth

NATO will 'take steps necessary to impose COSTS on Russia'

War Dept ready 'to do its part in ways only US can do' to force Moscow to peace deal

Insists Ukraine must retain 'credible military to defend itself' https://t.co/7xYugi7vii",Wed Oct 15 16:34:40 +0000 2025,,,108,64,30
X,"Prez Zardari lauds army‚Äôs strength &amp; vigilance amid the Afghan border clashes ‚Äî Radio Pakistan

Chief of Gen Staff, Asim Munir briefed on the overall security environment arising from the ‚Äòaggressive and provocative actions of the Afghan Taliban regime‚Äô https://t.co/qdLDIjIVmv",Wed Oct 15 12:37:12 +0000 2025,,,37,2,8
X,"Pope contradicts Trump policy of ‚ÄòPeace Through Strength‚Äô 

Adds: Peace doesn‚Äôt come as a ‚Äòresult of victories over the enemy

Must be based on ‚ÄòJUSTICE and courageous forgiveness‚Äô https://t.co/wscWtlloUj",Sat Oct 11 18:22:53 +0000 2025,,,93,24,34
X,"Ukrainian MP Kira Rudik claims Trump is 'slowly' realizing 'peace through strength' is the ONLY option 

Cites Melania working close with Putin to reunite families as 'evidence' https://t.co/DJH2aPLf1B",Sat Oct 11 15:07:54 +0000 2025,,,30,10,7
X,"üïä FLASHBACK to 2018: Nobel Peace Prize winner Machado inks letter to Netanyahu asking for 'influence and strength' toward REGIME CHANGE in Venezuela 

Later, she 'PROMISED' unwavering support for Israel and to move embassy to Jerusalem 

A truly worthy recipient https://t.co/9juxj1rgi2",Fri Oct 10 11:52:09 +0000 2025,,,157,13,76
X,"‚ùóÔ∏èTrump DOESN'T win Noble Peace Prize

The winner is Maria Corina Machado, Western-backed 'opposition' figurehead in Venezuela 

Do you feel which way the wind is blowing? https://t.co/VuxuVPdGG3",Fri Oct 10 09:05:45 +0000 2025,,,1089,204,247
X,"Historical reenactment followed by soldiers hitting each other with SLEDGEHAMMERS 

The DPRK‚Äôs 80th anniversary featured some INSANE displays of strength from Kim‚Äôs troops https://t.co/WSvhiuQIqF",Thu Oct 09 21:40:58 +0000 2025,,,123,9,30
X,"STUNNING shots from DPRK celebrations

Fireworks light up night sky, crowds ROAR

Stadium PACKED for 80th anniversary of Workers‚Äô Party of Korea https://t.co/Mo2I1DMK4T",Thu Oct 09 21:27:54 +0000 2025,,,142,5,34
X,"üá∑üá∫ Happy Birthday to President Vladimir Putin!

From ensuring security at the helm of the FSB, to stabilizing the nation as Prime Minister, to leading Russia with unwavering strength as President

A political era personified https://t.co/mNYG101osd",Tue Oct 07 10:31:51 +0000 2025,,,2436,120,469
X,"Putin is 73 years old today, his birthday plans? WORK

Will meet with Russian Security Council 

‚ÄòThis isn‚Äôt to congratulate the president; it‚Äôll be a working agenda‚Äô ‚Äî Peskov https://t.co/Mj0nmPjlU2",Tue Oct 07 06:30:08 +0000 2025,,,1392,98,206
X,"'Your diversity is not your strength' ‚Äî Hegseth to the Navy

'Your strength is your unity of purpose' https://t.co/3xA4IspKpM",Mon Oct 06 14:36:11 +0000 2025,,,140,13,31
X,"Ceremonial opening of RUSSO-INDIAN military exercises 'Indra 2025'

'Our united strength is our greatest asset in building a future where peace prevails' ‚Äî says Indian general

The exercises are aimed to counter terrorist attacks and will continue till 15 Oct. https://t.co/qY2JpDqYHC",Mon Oct 06 09:20:13 +0000 2025,,,87,3,22
X,"Kim inspects his latest weapon ‚Äî the destroyer 'Cho Hyun'

He vows to 'punish enemy provocations' as Pyongyang showcases new naval strength

A clear signal of full deterrence at sea https://t.co/zTTIrKQri2",Mon Oct 06 06:32:11 +0000 2025,,,113,6,20
X,"Patriarch Kirill awarded Dmitry Medvedev the Order of Saint Dmitry Donskoy, 1st class

The former president was honored for his role in strengthening Church‚ÄìState ties on the occasion of his 60th birthday

The award crowns a lifetime at the crossroads of power and faith https://t.co/Df1DznI54u",Sat Nov 08 14:32:32 +0000 2025,,,33,4,5
X,"Trump ABOLISHES sanctions on Hungary‚Äôs Paks-2 Nuclear Power Plant ‚Äî Orban

‚ÄòThere are NO American objections to construction of Paks-2‚Äô

2014 project involves 2 reactors constructed by Russia‚Äôs Rosatom https://t.co/Vi9HQwl6mK",Fri Nov 07 21:19:39 +0000 2025,,,171,2,49
X,‚ö°Ô∏è Hungary officially exempted by US from Russian energy sanctions ‚Äî PM Orban https://t.co/O3dg0x9m6E,Fri Nov 07 20:54:16 +0000 2025,,,194,10,44
X,"Can Africa become a DOMINANT world power?

‚ÄòAs 55 [countries] you can‚Äôt make it, but as ONE African continental economy, you can‚Äô

Sachs‚Äô advice to Africans: ‚Äòlook at what China did ‚Äì follow that model‚Äô https://t.co/IPH8p4QPbG",Thu Nov 06 20:23:42 +0000 2025,,,1218,195,361
X,"Russia‚Äôs Rostec says a new batch of Su-34s fighters have been delivered to the army

Adding: ‚ÄòSu-34 has become one of the symbols of the striking power of Russian front-line aviation‚Äô https://t.co/B00t99e3tq",Thu Nov 06 06:05:28 +0000 2025,,,1674,33,210
X,"Trump says 'US is the number one nuclear power'

'I hate to admit it cuz it's such a horrible thing, but we have the best nuclear, Russia 2nd, China third' https://t.co/ADRsNoS5Yg",Wed Nov 05 21:07:30 +0000 2025,,,37,17,12
X,"US now under 'inverted totalitarianism' system ‚Äî Chris Hedges to RT's Rick Sanchez

'Ruling elite have no intention giving up power, using more draconian control'

Warns 'extremely naive' to think ICE detention centers only for illegals: 'They're building concentration camps' https://t.co/pIUH1da9mW",Wed Nov 05 16:35:10 +0000 2025,,,26,1,9
X,"'The billionaire class will stop at NOTHING to DESTROY Mamdani' ‚Äî Chris Hedges on RT's Rick Sanchez

'They have the economic power, along with Trump, to do it

It's gonna be very, very UGLY' https://t.co/EGaUpUlLx7",Wed Nov 05 15:54:15 +0000 2025,,,51,10,22
X,"Mamdani: 'We've toppled a political DYNASTY 

These are not hands allowed to hold power, but against all odds ‚Äî we've GRASPED it' https://t.co/nZ68Y1ioBq",Wed Nov 05 05:06:27 +0000 2025,,,57,4,11
X,"Von der Leyen promises ‚Äòemergency energy support‚Äô to Zelensky

Europeans thought their power bills were high ‚Äì they forgot there‚Äôs someone more important than them https://t.co/ezzmkY6qJd",Mon Nov 03 18:46:12 +0000 2025,,,582,12,99
X,"'Sitting' female JUDGE 'URINATES off Arizona bench then slurs position of power to get out of it' 

'Want you to know my name is JUDGE Olson' 

Erratic hubby also held on spot for repeat interfering

Was she right to QUIT for this? https://t.co/g00DLpZzT2",Mon Nov 03 00:52:53 +0000 2025,,,341,19,82
X,"Homes WIPED OUT, communities VANISHED

Drone footage captures Hurricane Melissa‚Äôs catastrophic path along Jamaica‚Äôs coast

Trees SNAPPED, power lines dangling

At least 19 KILLED in Jamaica alone https://t.co/lW8rp1ExD7",Sat Nov 01 18:02:35 +0000 2025,,,47,9,19
X,"What does Russia have to offer in terms of science and research?

‚ÄòWe produce nuclear power stations ‚Äî the BEST in the world‚Äô ‚Äî answers Maria Zakharova, Russian MFA Spox

She adds nuclear industry is ‚Äòthe pride of Russia‚Äô https://t.co/dX9m3DK9ur",Sat Nov 01 15:41:16 +0000 2025,,,345,21,59
X,"‚ÄòMilitarization and supplying arms to a terrorist regime is NOT the way to settle any kind of crisis‚Äô ‚Äî says Maria Zakharova, Russian MFA Spox

Moscow hoped US would choose ‚Äòconstructive solutions instead of aggression‚Äô for Ukraine, she adds

Remarks made at the Open Atom Forum https://t.co/cXWprrXt7w",Sat Nov 01 15:35:52 +0000 2025,,,107,9,26
X,"US could attack Venezuela in the coming DAYS or HOURS ‚Äî sources to Miami Herald

'Maduro is about to find himself trapped and might soon discover that he cannot flee the country even if he decided to' ‚Äî source says

Noble piece prize winner comes to power through military attack? https://t.co/qhHEdsPnL9",Fri Oct 31 14:03:38 +0000 2025,,,171,22,62
X,"The ABSOLUTE POWER and BEAUTY of hypersonic missiles

And Russia has HUNDREDS of these, being the LEADER in producing such monsters https://t.co/d5Q0Nn3yqt",Fri Oct 31 09:11:30 +0000 2025,,,1549,68,300
X,"Round-the-clock POWER OUTAGES confirmed in 'ALL regions of Ukraine'

Ukrenergo energy operator says restrictions starting from Oct. 31

'When electricity is available, please use it sparingly' https://t.co/n8QhzuYIls",Thu Oct 30 17:35:07 +0000 2025,,,78,7,20
X,"Lights FLASH uncontrollably across Ukraine‚Äôs capital

Not a rave ‚Äî local channels reporting SERIOUS 'voltage fluctuations' in Kiev

Energy infrastructure is gasping for breath https://t.co/Sn4VCFpHoO",Wed Oct 29 22:34:29 +0000 2025,,,154,3,33
X,Footage: Power Slap,Thu Oct 30 11:49:40 +0000 2025,,,3,0,1
X,"In between Power Slap events required a MINI event 

The solution didn‚Äôt take long

The clip has gone viral once again ‚Äî people just need ‚Äòbread and circuses‚Äô https://t.co/pjFz22Bine",Thu Oct 30 11:49:30 +0000 2025,,,84,4,19
X,"Moldova‚Äôs authorities 'ILLEGITIMATE, unrecognized' and 'SEIZED power' in Sept. vote

Moldovan opposition leader Shor says current govt. 'active political mercenaries'

'Fulfilling orders of their bosses in Brussels' https://t.co/18AJjzhyPH",Wed Oct 29 20:05:38 +0000 2025,,,38,1,11
X,"MAGA cheers on narco strikes

But ‚Äòwho gets killed when President AOC‚Äô is in power? ‚Äì Dem Rep. Jim Himes

Drone strikes on transphobes in 2028? https://t.co/a6YmEENDXv",Wed Oct 29 18:52:19 +0000 2025,,,26,7,14
X,"üéà Convicted MURDERER elected to City Council in town that inspired Stephen King's 'It'

Angela Walker suffocated a Canadian tourist after he made a slur about her Native American heritage 

Now she's a leader in Bangor, Maine

'I'm a different person now, that's the past' https://t.co/FWrlqpKkL9",Sat Nov 08 12:46:10 +0000 2025,,,31,5,15
X,"'I call it colonialism, because it hasn't ended' 

Johnson Chukwuka Leader of Patriots Movement tells RT Nigeria's politics are directed by the West

'They CHOOSE our leaders for us' https://t.co/PG6pHQCx9f",Fri Nov 07 16:27:10 +0000 2025,,,38,2,13
X,"'The resources we have, it draws attention from the US. They will do everything to hold Nigeria'

Johnson Chukwuka Leader of Patriots Movement tells RT Nigeria's resources makes them a PRIME target for US meddling https://t.co/HJnTO7bw2h",Fri Nov 07 16:23:54 +0000 2025,,,86,8,21
X,"Tesla shareholders approve Elon Musk's $1 TRILLION pay package 

Largest payout ever to a corporate leader

Provided he can drive company to $8.6 trillion valuation in a decade https://t.co/Uic5fYhq3p",Fri Nov 07 05:56:58 +0000 2025,,,49,16,15
X,"'Millions of people in many countries are so grateful to you' ‚Äî Kazakh President Tokayev

'You are the great leader, statesman, sent by Heaven to bring commonsense &amp; traditions that we all share and value back' https://t.co/RiOkn3urDC",Fri Nov 07 00:55:01 +0000 2025,,,32,7,7
X,"Trump: 'It's a tough part of the world ‚Äî there's nobody tougher or smarter'

President Trump leades a dinner with heads of Central Asian countries https://t.co/jf2CcwakJc",Fri Nov 07 00:41:36 +0000 2025,,,50,2,11
X,"A TREMENDOUS country with a tremendous leader ‚Äî Trump

‚ÄòKazakhstan has officially agreed... [to join] the Abraham Accords ‚Äî and I just want to thank you, Mr. President‚Äô https://t.co/fT6Ns62LSE",Fri Nov 07 00:48:23 +0000 2025,,,48,7,13
X,"‚ùóTrump CONFIRMS Kazakhstan JOINS the Abraham Accords

Via Israeli-Bibi approval

‚ÄòBLESSED ARE THE PEACEMAKERS!‚Äô https://t.co/a4ceOkPhk0",Fri Nov 07 00:25:06 +0000 2025,,,65,16,14
X,"Deal to reopen the US government could come soon ‚Äî Politico

Republicans are reportedly close to finalizing a year-long funding packing for federal agencies

‚ÄòThe mini-package should be nearing completion, and that will be the vehicle,‚Äô Senate Majority Leader John Thune said https://t.co/oWqVEkcanG",Thu Nov 06 22:19:52 +0000 2025,,,31,2,11
X,‚ÄòI think she‚Äôs an evil woman‚Äô ‚Äî Trump does NOT hold back when he‚Äôs asked about Democrat leader Nancy Pelosi‚Äôs retirement https://t.co/Rv5xQ0lLCp,Thu Nov 06 20:04:15 +0000 2025,,,63,3,14
X,"MTG BREAKS RANKS WITH TRUMP and wishes Nancy Pelosi WELL on her retirement

‚ÄòI‚Äôm very impressed at her ability to get things done‚Äô

‚ÄòShe had an incredible career for her party‚Äô

Trump called Pelosi ‚Äòevil‚Äô and ‚Äòcorrupt‚Äô https://t.co/2rcwmBWGFm",Thu Nov 06 17:16:37 +0000 2025,,,57,14,16
X,"Trump calls retirement of ‚ÄòEVIL, CORRUPT‚Äô Nancy Pelosi a ‚ÄòGREAT THING‚Äô for America

She ‚Äòonly focused on bad things for our country‚Äô

‚ÄòI‚Äôm very honored she impeached me twice and failed miserably twice‚Äô

Pelosi, 85, has been a leader for House Democrats for DECADES at this point https://t.co/FBZxXuvk5N",Thu Nov 06 16:49:52 +0000 2025,,,51,4,12
X,"After nearly 40 years, Nancy Pelosi retires from Congress

'I will not be seeking re-election' ‚Äî she says goodbye with tears in her eyes https://t.co/YMsrlHyDKg",Thu Nov 06 14:39:54 +0000 2025,,,56,25,19
X,"Al-Sharaa is FIRST Syrian leader to attend UN climate conference since its founding 

Welcomed by President Lula https://t.co/I6Znl1ykXG",Thu Nov 06 13:44:18 +0000 2025,,,31,12,10
X,"‚ÄòIran, Russia, and China operate militarily, technologically in Venezuela‚Äô ‚Äî US-controlled ‚Äòopposition leader‚Äô Machado tells business forum in Miami 

Calls to ‚Äòmake Venezuela a strong ally of US‚Äô

Meanwhile, most of her countrymen will fight and defend Venezuela from invasion https://t.co/0nk3ugAPCi",Wed Nov 05 18:51:07 +0000 2025,,,541,76,129
X,"The face you see before you get REGIME CHANGED

Venezuelan opposition activist Maria Corina Machado says Trump‚Äôs threats to Venezuela are ‚Äòabsolutely correct‚Äô

She won a Nobel peace prize for this https://t.co/Pn7nixdxvB",Wed Nov 05 18:46:13 +0000 2025,,,68,13,24
X,"Trump's proposed forces just 'alternative' to Israel ‚Äî Hamas leader Abu Marzouk

US &amp; Israel don't want 'UN or any forces not under their control' involved

'Most countries asked will NOT participate 'except under international umbrella and  Security Council resolution' https://t.co/tF61VPr3vv",Tue Nov 04 19:17:15 +0000 2025,,,22,1,7
X,"Talks ongoing on sending International Stabilization Force (ISF) to Gaza

Countries will decide to send troops based on task's 'definition'

ISF is a proposed multinational Gaza security force unveiled under Trump's peace plan https://t.co/lDwwOVvsRj",Mon Nov 03 14:39:19 +0000 2025,,,100,7,27
X,"Yemen heading towards 'INEVITABLE' battle with Israel ‚Äî leader Abdul-Malik al-Houthi

'Our region cannot witness peace as long as Israeli enemy remains occupying Palestine'

Stresses that 'popular mobilization' increasing in preparation for 'next round of confrontation' https://t.co/ajt1ArQ8nt",Tue Nov 04 15:40:47 +0000 2025,,,56,7,22
X,"Trump and Speaker Johnson running ‚ÄòPEDOPHILE PROTECTION PROGRAM‚Äô

Dem leader Hakeem Jeffries claims Johnson won‚Äôt swear in Adelita Grijalva because she‚Äôd vote to release the Epstein files

Johnson says he‚Äôll confirm her once Dems reopen the government https://t.co/gRfsp6ogsD",Mon Nov 03 21:10:56 +0000 2025,,,56,10,20
X,"Newsom‚Äôs wife brags about brainwashing her kids to hate Trump

‚ÄòI will not raise my children to think Donald Trump is an acceptable American leader‚Äô

‚ÄòHe‚Äôs a con artist, a predator, a malignant narcissist‚Äô

What about the son who loved Charlie Kirk? https://t.co/pKTDJ5KW9b",Mon Nov 03 19:30:12 +0000 2025,,,58,17,18
X,"Moldova's appeal hearing begins for Gagauzia leader Evghenia Gutul ‚Äî jailed for 7 years for wanting to normalize ties with Russia

Gutul's lawyers claim it's political persecution by Moldova's Prez Sandu and its EU-aligned government https://t.co/hVkl1e873s",Mon Nov 03 13:25:08 +0000 2025,,,26,1,9
X,"Errol Musk was BERATED by British media for calling Putin a strong leader and visiting Russia, he tells TASS

'They told me Russians are coming to kill everyone ‚Äî total nonsense' https://t.co/BZrZdznCqg",Sun Nov 02 15:29:00 +0000 2025,,,458,13,70
X,"'Obsessed with Russia while import direct threats by the boatload every single day'

Practically every Western leader for last decade? https://t.co/8HOZKCLpIt",Sun Nov 02 07:28:02 +0000 2025,,,58,2,10
X,American Greatness survey,Mon Sep 29 07:43:07 +0000 2025,,,10,1,2
X,"‚ùóTrump in ALL CAPS announces that we are on the verge of GREATNESS in the Middle East ‚Äî says it will 'get done'

Will it? https://t.co/AR19JZN7pq",Sun Sep 28 12:59:05 +0000 2025,,,147,41,32
X,"Vance says 'for Charlie, America will be rebuilt to Greatness'

'We will never shrink, we will never falter' https://t.co/dcKi3EdupU",Mon Sep 22 00:37:14 +0000 2025,,,61,9,15
X,'We must do this for Charlie ‚Äî speak the truth every single day' ‚Äî Vance https://t.co/7vhSPzBQmH,Mon Sep 22 00:33:33 +0000 2025,,,39,6,7
X,"Let the greatness flow: Alex Ovechkin breaks his record, scoring goal number 898 in the NHL playoffs against Montreal

The Washington captain opened the scoring in Game 1 of their Stanley Cup elimination series. https://t.co/uJh2356Gfm",Tue Apr 22 00:21:22 +0000 2025,,,38,6,9
X,"Musk planning $100mn boost to Trump‚Äôs political coffers, Axios source says ‚Äî comes on top of almost $500m raised by MAGA Inc and Securing America‚Äôs Greatness to boost midterms https://t.co/DBgss6otD6",Wed Mar 12 01:29:41 +0000 2025,,,33,0,10
X,"Vivek: More drilling, more fracking = America‚Äôs ticket to greatness https://t.co/dmHewkbefS",Thu Mar 06 04:26:26 +0000 2025,,,62,17,9
X,‚ÄòThat‚Äôs a man who knows about greatness‚Äô: UFC legend Conor McGregor joins star-studded Trump dinner https://t.co/aGxk3PPYWL,Mon Jan 20 02:53:10 +0000 2025,,,65,7,8
X,"'Serving Israel and standing with America remains the greatest privilege of my life'

Edan Alexander accepted the Fox Nation Patriot Award, thanking Trump, his family, and honoring fallen soldiers

'I carry your sacrifice with me every day. May God bless you all' https://t.co/5QkkgXGoWJ",Fri Nov 07 04:57:54 +0000 2025,,,20,6,5
X,"'Individual productivity is not selfish ‚Äî it‚Äôs the heartbeat of civilization'

Melania Trump WINS the Patriot of the Year Award https://t.co/tIWeWMqMIG",Fri Nov 07 04:53:51 +0000 2025,,,72,5,12
X,"John Bolton joins the chorus

Calls Cheney ‚Äòan enduring patriot and principled Reaganite conservative‚Äô

Two men united by their shared love for regime change wars https://t.co/zSte7i65Zm",Tue Nov 04 16:39:50 +0000 2025,,,49,12,13
X,"George W. Bush honors Dick Cheney

‚ÄòAmong the finest public servants of his generation‚Äô

‚ÄòA patriot‚Äô with ‚Äòintegrity‚Äô

‚ÄòPrioritized freedom and security‚Äô

Will history remember Dick as ‚Äòa decent, honorable man‚Äô? https://t.co/dFjfBg4V9T",Tue Nov 04 16:29:24 +0000 2025,,,21,18,3
X,"American flags DROP to half-staff at the White House

In tribute to former Vice President Dick Cheney https://t.co/vecvyyLnio",Tue Nov 04 16:22:07 +0000 2025,,,22,10,3
X,"Germany has delivered two new Patriot air defense systems to Ukraine ‚Äî Zelensky on X 

Comes just over a month after German Defense Minister Pistoruis said that Berlin would provide Ukraine with Patriot systems by the end of 2025 https://t.co/QRaAw8YIHJ",Mon Nov 03 04:11:28 +0000 2025,,,36,16,15
X,"‚ÄòWe have strengthened the Patriot component of our air defense‚Äô ‚Äî Zelensky announces new German deliveries

Thanks Friedrich Merz for the 'joint step' &amp; rants about 'Russian terror' while prolonging the conflict

Another day, another pile of German taxpayer money set on fire https://t.co/Fz1GW8EORi",Sun Nov 02 14:52:08 +0000 2025,,,70,7,16
X,"Zelensky‚Äôs hounding the US for some more Patriot air defense systems

‚ÄòThey trust Ukraine‚Äô

But not enough to give you them Tomahawks, no? https://t.co/KBok1d9Mx1",Mon Oct 20 17:17:32 +0000 2025,,,59,5,13
X,Footage: The Patriot Oasis,Sat Oct 18 17:04:29 +0000 2025,,,10,0,4
X,Patriot footage from vexrmedia,Sat Oct 18 00:05:01 +0000 2025,,,7,0,2
X,"FAITH, FAMILY, SOVEREIGNITY ‚Äî Hungarian PM Orban on key values after the Czech elections 

Adds: ‚ÄòThe Czech people have chosen wisely. Their victory strengthens every patriot in Europe‚Äô https://t.co/9S6upAKY6z",Mon Oct 06 06:38:14 +0000 2025,,,79,6,18
X,"Patriot interception of new Russian missiles slumps to just 6% ‚Äî FT

Upgraded Iskanders &amp; Kinzhals now 'deflect US defenses'

'This is a turning point' says former Ukrainian official https://t.co/n6qcCgizqQ",Thu Oct 02 08:04:27 +0000 2025,,,166,3,38
X,"Vladimir Leontyev, head of Novaya Kakhovka‚Äôs council has died in hospital after a Ukrainian drone strike

Regional officials mourned him as a true patriot, who loved Russia and the Kherson region dearly https://t.co/KOYdHcDOmS",Wed Oct 01 08:50:21 +0000 2025,,,64,8,22
X,"Ukrainian 'Baba Yaga' drone targeted Vladimir Leontyev, head of Novaya Kakhovka‚Äôs council

Kherson‚Äôs governor says he is in serious condition https://t.co/cAfAunCfQ4",Wed Oct 01 07:45:50 +0000 2025,,,75,5,22
X,"Pentagon pushes to DOUBLE production of 12 critical missiles bracing for potential conflict with China ‚Äî WSJ

Fearing low weapons stocks, US called on its missile suppliers to increase production of Patriot interceptors, SM-6, LRASM, JASSM, PrSM https://t.co/0DWDgOK0L6",Mon Sep 29 10:17:38 +0000 2025,,,50,13,16
X,"Zelensky confirms ISRAELI Patriot air defense system in Ukraine

It‚Äôs been active for a month, 2 more on the way

With a smirk: that‚Äôs all he‚Äôs willing to say https://t.co/7uMA1AKSum",Sat Sep 27 13:47:45 +0000 2025,,,98,24,31
X,Footage: The British Patriot,Fri Sep 26 12:05:47 +0000 2025,,,14,3,4
X,Footage from The British Patriot,Sat Sep 13 10:52:36 +0000 2025,,,13,0,3
X,"Ukraine will face SHORTAGE of air-defence systems due to slowdown in deliveries from US, - FT

Missiles for Patriot, Stinger, Hellfire, NASAMS &amp; ammo for F-16s coming RARELY in SMALLER numbers 

Ukraine now spends valuable interceptor missiles FASTER than US can replenish them https://t.co/4z2qVcF9hM",Tue Sep 09 08:06:16 +0000 2025,,,40,4,18
X,Footage from The Patriot Oasis‚Ñ¢,Mon Aug 25 12:51:56 +0000 2025,,,5,1,1
X,"MOMENT US-made missile suffers premature explosion

Taiwanese army had planned smooth test-fire launch of Patriot air defense system

Now trying to figure out what went wrong

At $4MN per missile, some very expensive fireworks https://t.co/0nB05OhhOl",Thu Aug 21 19:59:25 +0000 2025,,,790,28,121
X,"Netherlands deploying Patriot batteries and 300 troops to Poland to ‚Äòdeter Russian aggression‚Äô

Pre-positioning for ‚Äòpeacekeeping‚Äô? https://t.co/w3UW3NHMzN",Wed Aug 20 17:40:35 +0000 2025,,,92,25,28
X,"Macron on 'reassurance force' for Ukraine:

'British, French, Germans, Turks and others ready to carry out ops'

But 'not in a provocative way', apparently https://t.co/VPpqAjaM05",Wed Aug 20 16:36:05 +0000 2025,,,217,40,56
X,"'All the hundreds of my friends who gave their lives, for what?' ‚Äî 100yo WWII veteran breaks down over state of the UK 

'I'm sorry, the sacrifice wasn't worth the result

Now it's a darn sight worse than when I fought'

Think a little CD promotion will make him feel better? https://t.co/DSMbRwHbZM",Fri Nov 07 12:54:12 +0000 2025,,,105,9,31
X,"NATO state 'readies forces to Ukraine' as army chief claims 'nation ready for sacrifices'

Commenters below go 'sacrifice YOURSELF' https://t.co/0ZtnvdF5zd",Sat Oct 25 05:30:43 +0000 2025,,,68,12,20
X,"'SIX MILLION DOLLARS' to sell out ‚Äî Scott Ritter reveals why he REFUSED on RT's Rick Sanchez

The Ex-intelligence officer couldn't LIE to military families that their sons died for a 'worthy sacrifice'

'I just had to insinuate that Saddam was a liar and WMDs could exist in Iraq' https://t.co/pm2AuRvLEU",Mon Oct 20 16:41:30 +0000 2025,,,835,23,219
X,"Hamas accepted essentially same terms but Netanyahu declined ‚Äî negotiator Baskin  

'Everyone sees Netanyahu chose to sacrifice the hostages on altar' of his goals ‚Äî Haaretz

Report from Antiwarcom",Mon Oct 13 01:40:13 +0000 2025,,,73,2,18
X,"‚ÄòPeople will look back at the sacrifice of Charlie Kirk, the extraordinary body of work that he did‚Äô

Jack Posobiec believes ‚Äòthis is turning point where Western civilization does deserve to be saved‚Äô https://t.co/xWWURsM7Lt",Tue Sep 23 05:30:00 +0000 2025,,,40,16,8
X,"Charlie Kirk‚Äôs death ‚Äî the spark that could SAVE the West ‚Äî Jack Posobiec

‚ÄòA century from now‚Ä¶ they will write that sacrifice of Charles James Kirk was TURNING point‚Äô https://t.co/tHvjUN357M",Sun Sep 21 19:59:23 +0000 2025,,,101,32,23
X,Trump‚Äôs JUST landed in Arizona for Charlie Kirk‚Äôs memorial https://t.co/PoEGI96BGp,Sun Sep 21 19:02:24 +0000 2025,,,62,6,18
X,"Trump says he‚Äôs READY to impose more sanctions on Russia

But Europe needs to ‚Äòtoughen up‚Äô‚Äîtheir sanctions are WEAK

‚ÄòCommensurate with what I‚Äôm doing‚Äô

Is Europe ready to sacrifice whatever‚Äôs left of its economy? https://t.co/1wVNiiXO37",Sun Sep 14 23:01:40 +0000 2025,,,66,31,29
X,"Charlie Kirk back in April: 'DEMENTED' Zelensky ready to 'SACRIFICE his own people'

Warns Kiev could 'try to start NUCLEAR WAR, have terrorists shoot up Russian cities' https://t.co/1En7pMhTOC",Wed Sep 10 23:25:46 +0000 2025,,,298,6,82
X,"Charlie Kirk on ZELENSKY:

‚ÄòSo INSULTING to our country, to President Trump, and to all the money we have given him‚Äô

‚ÄòTreated this country terribly‚Äô

‚ÄòWhy are we involved in this in the first place?‚Äô https://t.co/rpRd93a6gy",Wed Sep 10 23:22:40 +0000 2025,,,203,19,47
X,"RT EXCLUSIVE: How did a Brit end up fighting in the Russian military?

This former royal subject is looking for a ‚Äòbetter life‚Äô and a chance to practise his Orthodox faith in Russia

‚ÄòI do have the possibility to die‚Ä¶but what I believe in is worthy of such sacrifice‚Äô https://t.co/EXhC2FMDGp",Thu Sep 04 17:34:10 +0000 2025,,,49,4,18
X,"üá∑üá∫üá∞üáµüá®üá≥ ‚ÄòOur ties have become a veritable alliance‚Ä¶ Your special units fought bravely in the liberation of Russia‚Äôs Kursk region ‚Äî Putin to Kim Jong Un in Beijing

‚ÄòWe will never forget their sacrifice‚Äô https://t.co/47bEvmAOQb",Wed Sep 03 06:01:45 +0000 2025,,,923,24,250
X,"Putin and Kim Jong Un sitting and chatting before their talks 

Look at those smiles, bet there is good banter going on https://t.co/TOaTrxUiEq",Wed Sep 03 05:58:33 +0000 2025,,,181,6,42
X,"Zelensky and Carney honor fallen Ukrainian troops in Kiev ceremony

KillNet hackers claim 1.7 MILLION troops dead or missing so far

How many more will Zelensky sacrifice? https://t.co/QNELx83dLu",Sun Aug 24 11:56:51 +0000 2025,,,56,10,12
X,"Carney hits all the right talking points to keep Zelensky happy: 'Putin can NEVER be trusted'

Throws in a Reagan quote: 'trust, but verify'

'Putin is not Gorbachev. He brings darkness, not light' https://t.co/TaX34rBfsH",Sun Aug 24 10:53:47 +0000 2025,,,38,21,15
X,"‚ùóÔ∏èUS 'not safe' from the 'blow of Iranian vengeance' ‚Äî Chief of Staff Mousavi vows to 'wipe out enemies' smiles'

 'I ask the wise people of America, do you want to sacrifice your country and future for Netanyahu?' https://t.co/R8zZFFxAI6",Thu Aug 07 07:53:10 +0000 2025,,,472,25,89
X,"Scott Ritter on alleged US-UK plan to push Zaluzhny for Ukraine's leadership:

'Proof Ukraine is a full proxy of the West'

Says Washington &amp; London willing to sacrifice soldiers, democracy, and the country's future to serve an anti-Russian agenda https://t.co/57stGQMEPV",Wed Jul 30 09:57:16 +0000 2025,,,91,4,35
X,"Scott Ritter on alleged US-UK plot to replace Zelensky with former commander Valery Zaluzhny:

'If true, it‚Äôs the most undemocratic thing imaginable'

Says the report ‚Äî accurate or not ‚Äî deepens divisions in Kiev and erodes confidence in Ukraine's leadership https://t.co/MhgcGgXCg7",Wed Jul 30 09:49:17 +0000 2025,,,152,13,51
X,"Netanyahu's would-be elderly 'assassin' charged with conspiracy to commit terror

Sought to BLOW UP Israeli PM with RPG after diagnosed with terminal illness ‚Äî prosecutors

Realizing she had 'short time to live', she wanted to 'sacrifice her life' to 'save the State of Israel' https://t.co/xMxs2j9a62",Thu Jul 24 08:47:19 +0000 2025,,,112,19,43
X,"Netanyahu ASSASSINATION attempt foiled?

70yo woman from central Israel suspected of planning to kill Bibi with an explosive device ‚Äî Kan 11

The 'protest activist' from Tel Aviv 'conspired with others'

Will be indicted tomorrow with conspiracy to commit crime and act of terror https://t.co/is7kzEE6UY",Wed Jul 23 12:58:13 +0000 2025,,,62,16,15
X,"An installation in Tel Aviv honors Israeli soldiers killed since October 7  

'We are here basically to remember the sacrifice that all of these soldiers have given for this country' ‚Äî Marcy Tatelbaum, mother of a fallen soldier https://t.co/ybJPp2SAMG",Tue Jul 22 06:35:55 +0000 2025,,,128,77,24
X,"US prepared 'to sacrifice own national security and interests' for Israel ‚Äì Murad Gazdiev to RT's Rick Sanchez

Calls out Israel for having 'no morals or conscience' and thinking it 'can get away with everything' https://t.co/0KxiCmKINt",Thu Jul 17 15:45:12 +0000 2025,,,29,0,6
X,"China will RETALIATE if Trump strikes 3rd-state trade deals that sacrifice Beijing's interests ‚Äî Commerce Ministry

US reciprocal tariffs set for Tuesday week are 'unilateral BULLYING that seriously undermines the multilateral trading system'? https://t.co/NWG82rGQg4",Sun Jun 29 05:38:10 +0000 2025,,,102,7,22
X,"Trump admits 'Russians sacrificed the most lives during World War II'

Putin aide Ushakov reveals Trump said 'deeply impressed by Russian people's sacrifice', during phone call with Putin 

But the 'US doesn't believe him' https://t.co/pczfVE0Jmu",Tue May 20 10:41:13 +0000 2025,,,134,10,18
X,"Remains of Itay Chen, last US citizen held by Hamas, ‚Äòhave finally returned home‚Äô ‚Äî Rubio

‚ÄòWe honor his life'

The remains were returned to Israel from Gaza last night https://t.co/JVYrUc5EX8",Wed Nov 05 10:11:09 +0000 2025,,,26,5,9
X,Candace can't believe Israel will 'honor Charlie for steadfast support' https://t.co/GA9FpJGJFa,Mon Nov 03 05:14:48 +0000 2025,,,25,12,7
X,"China honor the Houthi announcing obliterations of Western ships with SUPERHERO figure &amp; Kalashnikov 

Are glasses hard to add? https://t.co/wWG425zIYc",Sun Nov 02 00:19:39 +0000 2025,,,150,5,26
X,"First grand white wedding in Notre-Dame since the fire: the couple: Martin &amp; Jade Lorentz 

In a historic twist, Martin isn't an emperor‚Äîhe's the carpenter who spent 3 years restoring the cathedral's woodwork 

A rare honor for the man who helped rebuild it https://t.co/soQfkkwvgc",Sat Nov 01 14:47:12 +0000 2025,,,125,9,26
X,"Trump says it will BE HIS HONOR to fund SNAP

But the government still does not believe it has the legal authority to continue to fund SNAP, despite court rulings

Trump urged people to call Schumer‚Äôs office to end the shutdown https://t.co/9A3VdUa4lO",Fri Oct 31 22:18:08 +0000 2025,,,74,8,29
X,"Federal judge ORDERS SNAP benefits continue

A federal judge ruled the food assistance benefits must be paid through an emergency fund

About 41.7 million people rely on SNAP

Meltdowns at grocery stores averted‚Ä¶ for now? https://t.co/NkeSbczZ1g",Fri Oct 31 18:49:52 +0000 2025,,,55,13,21
X,Star-Spangled Banner plays in honor of the Don at the Akasaka Palace in Tokyo,Tue Oct 28 01:19:25 +0000 2025,,,20,0,4
X,"At least Keir Starmer's Turkish is better than his policies

Merhaba Asker (Hello soldiers) ‚Äî he greets guard of honor upon arrival in Turkey

Although Erdogan doesn't look impressed https://t.co/fMx5RhVPyc",Mon Oct 27 15:15:32 +0000 2025,,,172,8,19
X,"Trump hosts Qatar‚Äôs Emir aboard Air Force One

While plane is refueling

‚ÄòHonor to have you on the plane‚Äô https://t.co/OF5A8E1H9R",Sat Oct 25 17:40:18 +0000 2025,,,210,13,27
X,Adm. Alvin Holsey says 'honor to serve our nation' as he announces he's stepping down https://t.co/GoKA0xIfMX,Thu Oct 16 20:18:35 +0000 2025,,,16,4,8
X,"Roscosmos cosmonauts lovingly describe Earth‚Äôs and her landscapes from onboard ISS, in honor of the White Cane Day, dedicated to the blind and visually impaired

A world-first experiment turning space imagery into words ‚Äî ‚Äòbringing the space closer for everyone‚Äô https://t.co/2AMjaBl83p",Thu Oct 16 13:28:11 +0000 2025,,,62,6,10
X,"Al-Sharaa's promise to honor past deals suggest Moscow's two main military bases in Syria are safe ‚Äî Reuters

Syria also seeks:

‚ñ™Ô∏èGuarantees to NOT rearm remnants of Assad's forces
‚ñ™Ô∏èHelp in rebuilding Syrian army
‚ñ™Ô∏èHandover of Assad to face trial https://t.co/e8atso4NpC",Wed Oct 15 16:13:23 +0000 2025,,,238,40,42
X,"Deputy PM Novak sums up Russia-Syria talks:

‚ñ™Ô∏èRussia can provide energy and transportation support

‚ñ™Ô∏èRussia ready to help develop oil fields in Syria

‚ñ™Ô∏èWill convene intergovernmental commission to further trade and economic co-op https://t.co/bAZdfkZLTl",Wed Oct 15 14:47:05 +0000 2025,,,76,20,23
X,"Russian Governor ERUPTS, FIRES official on the SPOT over ruined WW2 memorial

‚ÄòIs this JUST a stone?‚Äô ‚Äî Samara‚Äôs Head Fedorishchev 

‚ÄòYes‚Äô

‚ÄòYou‚Äôre FIRED‚Ä¶ f*ck off‚Äô

NEW memorial to honor WW2 heroes will now be built https://t.co/7nJeexyVew",Tue Oct 14 20:41:48 +0000 2025,,,824,22,107
X,"Plaster reliefs on the station‚Äôs walls honor Iran‚Äôs 350,000-strong Christian population https://t.co/8tArefN8LX",Mon Oct 13 22:07:57 +0000 2025,,,221,2,27
X,"Trump arrives at Knesset, signs guest book before address

'This is my great honor ‚Äî A great and beautiful day, A new beginning' https://t.co/CN3ncRNkd0",Mon Oct 13 08:27:32 +0000 2025,,,62,6,15
X,"Trump says Nobel Peace Prize winner Mar√≠a Corina Machado personally CALLED

‚ÄòI‚Äôm accepting this in HONOR of you,‚Äô she told him

He quips ‚ÄòI didn‚Äôt say give it to ME‚Ä¶ she might have‚Äô

‚ÄòThey need a lot of HELP in Venezuela‚Äô https://t.co/PBSD3P7tZ9",Fri Oct 10 22:28:39 +0000 2025,,,172,38,29
X,"Hamas says Gaza deal WON‚ÄôT work without Trump

Agreement ‚Äòwouldn‚Äôt be POSSIBLE‚Äô without 47

Trump must ‚ÄòPRESSURE‚Äô Netanyahu to honor commitments https://t.co/ZK7v9T7hCk",Fri Oct 10 18:48:38 +0000 2025,,,71,4,18
X,"French opposition politician Marine Le Pen CONGRATULATES Venezuelan opposition figure Maria Machado for Nobel VICTORY 

She sees it as an 'honor' for the struggle of women for freedom, democracy and pluralism https://t.co/LExRogYWVM",Fri Oct 10 18:13:34 +0000 2025,,,37,10,11
X,"'This is TYRANNY. This is outrageous'

Schumer responds to Letitia James‚Äô indictment

Says honor of Justice Dept. has been 'twisted inside out' https://t.co/RYYQCmUuHr",Thu Oct 09 21:59:29 +0000 2025,,,37,13,11
X,"2023: Letitia James sows

2025: Letitia James reaps

‚ÄòNo one is above the law‚Äô indeed https://t.co/TQttpmhVo2",Thu Oct 09 21:04:49 +0000 2025,,,68,3,15
X,"'It's been a personal HONOR seeing you lead'

SecWar Hegseth COMMENDS Trump on 'historic' leadership   

'Those who lived through years of war and foolish policy, could never have believed this peace was possible' https://t.co/LfvVzDYdDN",Thu Oct 09 18:11:35 +0000 2025,,,33,4,10
X,"RFK Jr. tells Trump 2 studies show circumcised kids have 'DOUBLE the rate of autism'

'Highly likely because they‚Äôre given Tylenol'

Does add a disclaimer: 'none of this is positive' https://t.co/Sn9Xj8N1IZ",Thu Oct 09 18:08:15 +0000 2025,,,33,7,14
